road_id,drain_id,scenario,event_id,flood_depth_m,risk,blocked,assessment_method,routing_cost,crs,model_type,note
road-,,normal,imerg-2015-11-28_normal,0.0,safe,False,idw_from_swmm_nodes,1.0,EPSG:4326,synthetic_pilot_network,"flood_depth_m is an IDW proxy from SWMM node depths, NOT measured road inundation depth."
road-,,normal,imerg-2015-11-28_normal,0.0,safe,False,idw_from_swmm_nodes,1.0,EPSG:4326,synthetic_pilot_network,"flood_depth_m is an IDW proxy from SWMM node depths, NOT measured road inundation depth."
road-,,normal,imerg-2015-11-28_normal,0.2439,likely,False,idw_from_swmm_nodes,5.0,EPSG:4326,synthetic_pilot_network,"flood_depth_m is an IDW proxy from SWMM node depths, NOT measured road inundation depth."
road-,,normal,imerg-2015-11-28_normal,0.0,safe,False,idw_from_swmm_nodes,1.0,EPSG:4326,synthetic_pilot_network,"flood_depth_m is an IDW proxy from SWMM node depths, NOT measured road inundation depth."
road-,,normal,imerg-2015-11-28_normal,0.0,safe,False,idw_from_swmm_nodes,1.0,EPSG:4326,synthetic_pilot_network,"flood_depth_m is an IDW proxy from SWMM node depths, NOT measured road inundation depth."
road-,,normal,imerg-2015-11-28_normal,0.0,safe,False,idw_from_swmm_nodes,1.0,EPSG:4326,synthetic_pilot_network,"flood_depth_m is an IDW proxy from SWMM node depths, NOT measured road inundation depth."
road-,,normal,imerg-2015-11-28_normal,0.0,safe,False,idw_from_swmm_nodes,1.0,EPSG:4326,synthetic_pilot_network,"flood_depth_m is an IDW proxy from SWMM node depths, NOT measured road inundation depth."
road-,,normal,imerg-2015-11-28_normal,0.0,safe,False,idw_from_swmm_nodes,1.0,EPSG:4326,synthetic_pilot_network,"flood_depth_m is an IDW proxy from SWMM node depths, NOT measured road inundation depth."
road-,,normal,imerg-2015-11-28_normal,0.0,safe,False,idw_from_swmm_nodes,1.0,EPSG:4326,synthetic_pilot_network,"flood_depth_m is an IDW proxy from SWMM node depths, NOT measured road inundation depth."
road-,,normal,imerg-2015-11-28_normal,0.0,safe,False,idw_from_swmm_nodes,1.0,EPSG:4326,synthetic_pilot_network,"flood_depth_m is an IDW proxy from SWMM node depths, NOT measured road inundation depth."
road-,,normal,imerg-2015-11-28_normal,0.0,safe,False,idw_from_swmm_nodes,1.0,EPSG:4326,synthetic_pilot_network,"flood_depth_m is an IDW proxy from SWMM node depths, NOT measured road inundation depth."
road-,,normal,imerg-2015-11-28_normal,0.2447,likely,False,idw_from_swmm_nodes,5.0,EPSG:4326,synthetic_pilot_network,"flood_depth_m is an IDW proxy from SWMM node depths, NOT measured road inundation depth."
road-,,normal,imerg-2015-11-28_normal,0.0,safe,False,idw_from_swmm_nodes,1.0,EPSG:4326,synthetic_pilot_network,"flood_depth_m is an IDW proxy from SWMM node depths, NOT measured road inundation depth."
road-,,normal,imerg-2015-11-28_normal,0.2453,likely,False,idw_from_swmm_nodes,5.0,EPSG:4326,synthetic_pilot_network,"flood_depth_m is an IDW proxy from SWMM node depths, NOT measured road inundation depth."
road-,,normal,imerg-2015-11-28_normal,0.0,safe,False,idw_from_swmm_nodes,1.0,EPSG:4326,synthetic_pilot_network,"flood_depth_m is an IDW proxy from SWMM node depths, NOT measured road inundation depth."
road-,,normal,imerg-2015-11-28_normal,0.0,safe,False,idw_from_swmm_nodes,1.0,EPSG:4326,synthetic_pilot_network,"flood_depth_m is an IDW proxy from SWMM node depths, NOT measured road inundation depth."
road-,,normal,imerg-2015-11-28_normal,0.0,safe,False,idw_from_swmm_nodes,1.0,EPSG:4326,synthetic_pilot_network,"flood_depth_m is an IDW proxy from SWMM node depths, NOT measured road inundation depth."
road-,,normal,imerg-2015-11-28_normal,0.0,safe,False,idw_from_swmm_nodes,1.0,EPSG:4326,synthetic_pilot_network,"flood_depth_m is an IDW proxy from SWMM node depths, NOT measured road inundation depth."
road-,,normal,imerg-2015-11-28_normal,0.0,safe,False,idw_from_swmm_nodes,1.0,EPSG:4326,synthetic_pilot_network,"flood_depth_m is an IDW proxy from SWMM node depths, NOT measured road inundation depth."
road-,,normal,imerg-2015-11-28_normal,0.0,safe,False,idw_from_swmm_nodes,1.0,EPSG:4326,synthetic_pilot_network,"flood_depth_m is an IDW proxy from SWMM node depths, NOT measured road inundation depth."
road-,,normal,imerg-2015-11-28_normal,0.0,safe,False,idw_from_swmm_nodes,1.0,EPSG:4326,synthetic_pilot_network,"flood_depth_m is an IDW proxy from SWMM node depths, NOT measured road inundation depth."
road-,,normal,imerg-2015-11-28_normal,0.2455,likely,False,idw_from_swmm_nodes,5.0,EPSG:4326,synthetic_pilot_network,"flood_depth_m is an IDW proxy from SWMM node depths, NOT measured road inundation depth."
road-,,normal,imerg-2015-11-28_normal,0.0,safe,False,idw_from_swmm_nodes,1.0,EPSG:4326,synthetic_pilot_network,"flood_depth_m is an IDW proxy from SWMM node depths, NOT measured road inundation depth."
road-,,normal,imerg-2015-11-28_normal,0.0,safe,False,idw_from_swmm_nodes,1.0,EPSG:4326,synthetic_pilot_network,"flood_depth_m is an IDW proxy from SWMM node depths, NOT measured road inundation depth."
road-,,normal,imerg-2015-11-28_normal,0.0,safe,False,idw_from_swmm_nodes,1.0,EPSG:4326,synthetic_pilot_network,"flood_depth_m is an IDW proxy from SWMM node depths, NOT measured road inundation depth."
road-,,normal,imerg-2015-11-28_normal,0.0,safe,False,idw_from_swmm_nodes,1.0,EPSG:4326,synthetic_pilot_network,"flood_depth_m is an IDW proxy from SWMM node depths, NOT measured road inundation depth."
road-,,normal,imerg-2015-11-28_normal,0.0,safe,False,idw_from_swmm_nodes,1.0,EPSG:4326,synthetic_pilot_network,"flood_depth_m is an IDW proxy from SWMM node depths, NOT measured road inundation depth."
road-,,normal,imerg-2015-11-28_normal,0.0,safe,False,idw_from_swmm_nodes,1.0,EPSG:4326,synthetic_pilot_network,"flood_depth_m is an IDW proxy from SWMM node depths, NOT measured road inundation depth."
road-,,normal,imerg-2015-11-28_normal,0.0,safe,False,idw_from_swmm_nodes,1.0,EPSG:4326,synthetic_pilot_network,"flood_depth_m is an IDW proxy from SWMM node depths, NOT measured road inundation depth."
road-,,normal,imerg-2015-11-28_normal,0.0,safe,False,idw_from_swmm_nodes,1.0,EPSG:4326,synthetic_pilot_network,"flood_depth_m is an IDW proxy from SWMM node depths, NOT measured road inundation depth."
road-,,normal,imerg-2015-11-28_normal,0.0,safe,False,idw_from_swmm_nodes,1.0,EPSG:4326,synthetic_pilot_network,"flood_depth_m is an IDW proxy from SWMM node depths, NOT measured road inundation depth."
road-,,normal,imerg-2015-11-28_normal,0.0,safe,False,idw_from_swmm_nodes,1.0,EPSG:4326,synthetic_pilot_network,"flood_depth_m is an IDW proxy from SWMM node depths, NOT measured road inundation depth."
road-,,normal,imerg-2015-11-28_normal,0.2497,likely,False,idw_from_swmm_nodes,5.0,EPSG:4326,synthetic_pilot_network,"flood_depth_m is an IDW proxy from SWMM node depths, NOT measured road inundation depth."
road-,,normal,imerg-2015-11-28_normal,0.0,safe,False,idw_from_swmm_nodes,1.0,EPSG:4326,synthetic_pilot_network,"flood_depth_m is an IDW proxy from SWMM node depths, NOT measured road inundation depth."
road-,,normal,imerg-2015-11-28_normal,0.2427,likely,False,idw_from_swmm_nodes,5.0,EPSG:4326,synthetic_pilot_network,"flood_depth_m is an IDW proxy from SWMM node depths, NOT measured road inundation depth."
road-,,normal,imerg-2015-11-28_normal,0.0,safe,False,idw_from_swmm_nodes,1.0,EPSG:4326,synthetic_pilot_network,"flood_depth_m is an IDW proxy from SWMM node depths, NOT measured road inundation depth."
road-,,normal,imerg-2015-11-28_normal,0.0,safe,False,idw_from_swmm_nodes,1.0,EPSG:4326,synthetic_pilot_network,"flood_depth_m is an IDW proxy from SWMM node depths, NOT measured road inundation depth."
road-,,normal,imerg-2015-11-28_normal,0.0,safe,False,idw_from_swmm_nodes,1.0,EPSG:4326,synthetic_pilot_network,"flood_depth_m is an IDW proxy from SWMM node depths, NOT measured road inundation depth."
road-,,normal,imerg-2015-11-28_normal,0.0,safe,False,idw_from_swmm_nodes,1.0,EPSG:4326,synthetic_pilot_network,"flood_depth_m is an IDW proxy from SWMM node depths, NOT measured road inundation depth."
road-,,normal,imerg-2015-11-28_normal,0.0,safe,False,idw_from_swmm_nodes,1.0,EPSG:4326,synthetic_pilot_network,"flood_depth_m is an IDW proxy from SWMM node depths, NOT measured road inundation depth."
road-,,normal,imerg-2015-11-28_normal,0.0,safe,False,idw_from_swmm_nodes,1.0,EPSG:4326,synthetic_pilot_network,"flood_depth_m is an IDW proxy from SWMM node depths, NOT measured road inundation depth."
road-,,normal,imerg-2015-11-28_normal,0.0,safe,False,idw_from_swmm_nodes,1.0,EPSG:4326,synthetic_pilot_network,"flood_depth_m is an IDW proxy from SWMM node depths, NOT measured road inundation depth."
road-,,normal,imerg-2015-11-28_normal,0.2412,likely,False,idw_from_swmm_nodes,5.0,EPSG:4326,synthetic_pilot_network,"flood_depth_m is an IDW proxy from SWMM node depths, NOT measured road inundation depth."
road-,,normal,imerg-2015-11-28_normal,0.0,safe,False,idw_from_swmm_nodes,1.0,EPSG:4326,synthetic_pilot_network,"flood_depth_m is an IDW proxy from SWMM node depths, NOT measured road inundation depth."
road-,,normal,imerg-2015-11-28_normal,0.0,safe,False,idw_from_swmm_nodes,1.0,EPSG:4326,synthetic_pilot_network,"flood_depth_m is an IDW proxy from SWMM node depths, NOT measured road inundation depth."
road-,,normal,imerg-2015-11-28_normal,0.0,safe,False,idw_from_swmm_nodes,1.0,EPSG:4326,synthetic_pilot_network,"flood_depth_m is an IDW proxy from SWMM node depths, NOT measured road inundation depth."
road-,,normal,imerg-2015-11-28_normal,0.0,safe,False,idw_from_swmm_nodes,1.0,EPSG:4326,synthetic_pilot_network,"flood_depth_m is an IDW proxy from SWMM node depths, NOT measured road inundation depth."
road-,,normal,imerg-2015-11-28_normal,0.0,safe,False,idw_from_swmm_nodes,1.0,EPSG:4326,synthetic_pilot_network,"flood_depth_m is an IDW proxy from SWMM node depths, NOT measured road inundation depth."
road-,,normal,imerg-2015-11-28_normal,0.0,safe,False,idw_from_swmm_nodes,1.0,EPSG:4326,synthetic_pilot_network,"flood_depth_m is an IDW proxy from SWMM node depths, NOT measured road inundation depth."
road-,,normal,imerg-2015-11-28_normal,0.0,safe,False,idw_from_swmm_nodes,1.0,EPSG:4326,synthetic_pilot_network,"flood_depth_m is an IDW proxy from SWMM node depths, NOT measured road inundation depth."
road-,,normal,imerg-2015-11-28_normal,0.0,safe,False,idw_from_swmm_nodes,1.0,EPSG:4326,synthetic_pilot_network,"flood_depth_m is an IDW proxy from SWMM node depths, NOT measured road inundation depth."
road-,,normal,imerg-2015-11-28_normal,0.2492,likely,False,idw_from_swmm_nodes,5.0,EPSG:4326,synthetic_pilot_network,"flood_depth_m is an IDW proxy from SWMM node depths, NOT measured road inundation depth."
road-,,normal,imerg-2015-11-28_normal,0.0,safe,False,idw_from_swmm_nodes,1.0,EPSG:4326,synthetic_pilot_network,"flood_depth_m is an IDW proxy from SWMM node depths, NOT measured road inundation depth."
road-,,normal,imerg-2015-11-28_normal,0.2431,likely,False,idw_from_swmm_nodes,5.0,EPSG:4326,synthetic_pilot_network,"flood_depth_m is an IDW proxy from SWMM node depths, NOT measured road inundation depth."
road-,,normal,imerg-2015-11-28_normal,0.0,safe,False,idw_from_swmm_nodes,1.0,EPSG:4326,synthetic_pilot_network,"flood_depth_m is an IDW proxy from SWMM node depths, NOT measured road inundation depth."
road-,,normal,imerg-2015-11-28_normal,0.0,safe,False,idw_from_swmm_nodes,1.0,EPSG:4326,synthetic_pilot_network,"flood_depth_m is an IDW proxy from SWMM node depths, NOT measured road inundation depth."
road-,,normal,imerg-2015-11-28_normal,0.0,safe,False,idw_from_swmm_nodes,1.0,EPSG:4326,synthetic_pilot_network,"flood_depth_m is an IDW proxy from SWMM node depths, NOT measured road inundation depth."
road-,,normal,imerg-2015-11-28_normal,0.2473,likely,False,idw_from_swmm_nodes,5.0,EPSG:4326,synthetic_pilot_network,"flood_depth_m is an IDW proxy from SWMM node depths, NOT measured road inundation depth."
road-,,normal,imerg-2015-11-28_normal,0.0,safe,False,idw_from_swmm_nodes,1.0,EPSG:4326,synthetic_pilot_network,"flood_depth_m is an IDW proxy from SWMM node depths, NOT measured road inundation depth."
road-,,normal,imerg-2015-11-28_normal,0.2501,likely,False,idw_from_swmm_nodes,5.0,EPSG:4326,synthetic_pilot_network,"flood_depth_m is an IDW proxy from SWMM node depths, NOT measured road inundation depth."
road-,,normal,imerg-2015-11-28_normal,0.28,likely,False,idw_from_swmm_nodes,5.0,EPSG:4326,synthetic_pilot_network,"flood_depth_m is an IDW proxy from SWMM node depths, NOT measured road inundation depth."
road-,,normal,imerg-2015-11-28_normal,0.0,safe,False,idw_from_swmm_nodes,1.0,EPSG:4326,synthetic_pilot_network,"flood_depth_m is an IDW proxy from SWMM node depths, NOT measured road inundation depth."
road-,,normal,imerg-2015-11-28_normal,0.0,safe,False,idw_from_swmm_nodes,1.0,EPSG:4326,synthetic_pilot_network,"flood_depth_m is an IDW proxy from SWMM node depths, NOT measured road inundation depth."
road-,,normal,imerg-2015-11-28_normal,0.0,safe,False,idw_from_swmm_nodes,1.0,EPSG:4326,synthetic_pilot_network,"flood_depth_m is an IDW proxy from SWMM node depths, NOT measured road inundation depth."
road-,,normal,imerg-2015-11-28_normal,0.0,safe,False,idw_from_swmm_nodes,1.0,EPSG:4326,synthetic_pilot_network,"flood_depth_m is an IDW proxy from SWMM node depths, NOT measured road inundation depth."
road-,,normal,imerg-2015-11-28_normal,0.0,safe,False,idw_from_swmm_nodes,1.0,EPSG:4326,synthetic_pilot_network,"flood_depth_m is an IDW proxy from SWMM node depths, NOT measured road inundation depth."
road-,,normal,imerg-2015-11-28_normal,0.0,safe,False,idw_from_swmm_nodes,1.0,EPSG:4326,synthetic_pilot_network,"flood_depth_m is an IDW proxy from SWMM node depths, NOT measured road inundation depth."
road-,,normal,imerg-2015-11-28_normal,0.2437,likely,False,idw_from_swmm_nodes,5.0,EPSG:4326,synthetic_pilot_network,"flood_depth_m is an IDW proxy from SWMM node depths, NOT measured road inundation depth."
road-,,normal,imerg-2015-11-28_normal,0.0,safe,False,idw_from_swmm_nodes,1.0,EPSG:4326,synthetic_pilot_network,"flood_depth_m is an IDW proxy from SWMM node depths, NOT measured road inundation depth."
road-,,normal,imerg-2015-11-28_normal,0.0,safe,False,idw_from_swmm_nodes,1.0,EPSG:4326,synthetic_pilot_network,"flood_depth_m is an IDW proxy from SWMM node depths, NOT measured road inundation depth."
road-,,normal,imerg-2015-11-28_normal,0.0,safe,False,idw_from_swmm_nodes,1.0,EPSG:4326,synthetic_pilot_network,"flood_depth_m is an IDW proxy from SWMM node depths, NOT measured road inundation depth."
road-,,normal,imerg-2015-11-28_normal,0.0,safe,False,idw_from_swmm_nodes,1.0,EPSG:4326,synthetic_pilot_network,"flood_depth_m is an IDW proxy from SWMM node depths, NOT measured road inundation depth."
road-,,normal,imerg-2015-11-28_normal,0.0,safe,False,idw_from_swmm_nodes,1.0,EPSG:4326,synthetic_pilot_network,"flood_depth_m is an IDW proxy from SWMM node depths, NOT measured road inundation depth."
road-,,normal,imerg-2015-11-28_normal,0.0,safe,False,idw_from_swmm_nodes,1.0,EPSG:4326,synthetic_pilot_network,"flood_depth_m is an IDW proxy from SWMM node depths, NOT measured road inundation depth."
road-,,normal,imerg-2015-11-28_normal,0.0,safe,False,idw_from_swmm_nodes,1.0,EPSG:4326,synthetic_pilot_network,"flood_depth_m is an IDW proxy from SWMM node depths, NOT measured road inundation depth."
road-,,normal,imerg-2015-11-28_normal,0.0,safe,False,idw_from_swmm_nodes,1.0,EPSG:4326,synthetic_pilot_network,"flood_depth_m is an IDW proxy from SWMM node depths, NOT measured road inundation depth."
road-,,normal,imerg-2015-11-28_normal,0.247,likely,False,idw_from_swmm_nodes,5.0,EPSG:4326,synthetic_pilot_network,"flood_depth_m is an IDW proxy from SWMM node depths, NOT measured road inundation depth."
road-,,normal,imerg-2015-11-28_normal,0.0,safe,False,idw_from_swmm_nodes,1.0,EPSG:4326,synthetic_pilot_network,"flood_depth_m is an IDW proxy from SWMM node depths, NOT measured road inundation depth."
road-,,normal,imerg-2015-11-28_normal,0.0,safe,False,idw_from_swmm_nodes,1.0,EPSG:4326,synthetic_pilot_network,"flood_depth_m is an IDW proxy from SWMM node depths, NOT measured road inundation depth."
road-,,normal,imerg-2015-11-28_normal,0.0,safe,False,idw_from_swmm_nodes,1.0,EPSG:4326,synthetic_pilot_network,"flood_depth_m is an IDW proxy from SWMM node depths, NOT measured road inundation depth."
road-,,normal,imerg-2015-11-28_normal,0.0,safe,False,idw_from_swmm_nodes,1.0,EPSG:4326,synthetic_pilot_network,"flood_depth_m is an IDW proxy from SWMM node depths, NOT measured road inundation depth."
road-,,normal,imerg-2015-11-28_normal,0.0,safe,False,idw_from_swmm_nodes,1.0,EPSG:4326,synthetic_pilot_network,"flood_depth_m is an IDW proxy from SWMM node depths, NOT measured road inundation depth."
road-,,normal,imerg-2015-11-28_normal,0.0,safe,False,idw_from_swmm_nodes,1.0,EPSG:4326,synthetic_pilot_network,"flood_depth_m is an IDW proxy from SWMM node depths, NOT measured road inundation depth."
road-,,normal,imerg-2015-11-28_normal,0.0,safe,False,idw_from_swmm_nodes,1.0,EPSG:4326,synthetic_pilot_network,"flood_depth_m is an IDW proxy from SWMM node depths, NOT measured road inundation depth."
road-,,normal,imerg-2015-11-28_normal,0.0,safe,False,idw_from_swmm_nodes,1.0,EPSG:4326,synthetic_pilot_network,"flood_depth_m is an IDW proxy from SWMM node depths, NOT measured road inundation depth."
road-,,normal,imerg-2015-11-28_normal,0.0,safe,False,idw_from_swmm_nodes,1.0,EPSG:4326,synthetic_pilot_network,"flood_depth_m is an IDW proxy from SWMM node depths, NOT measured road inundation depth."
road-,,normal,imerg-2015-11-28_normal,0.2466,likely,False,idw_from_swmm_nodes,5.0,EPSG:4326,synthetic_pilot_network,"flood_depth_m is an IDW proxy from SWMM node depths, NOT measured road inundation depth."
road-,,normal,imerg-2015-11-28_normal,0.0,safe,False,idw_from_swmm_nodes,1.0,EPSG:4326,synthetic_pilot_network,"flood_depth_m is an IDW proxy from SWMM node depths, NOT measured road inundation depth."
road-,,normal,imerg-2015-11-28_normal,0.0,safe,False,idw_from_swmm_nodes,1.0,EPSG:4326,synthetic_pilot_network,"flood_depth_m is an IDW proxy from SWMM node depths, NOT measured road inundation depth."
road-,,normal,imerg-2015-11-28_normal,0.0,safe,False,idw_from_swmm_nodes,1.0,EPSG:4326,synthetic_pilot_network,"flood_depth_m is an IDW proxy from SWMM node depths, NOT measured road inundation depth."
road-,,normal,imerg-2015-11-28_normal,0.0,safe,False,idw_from_swmm_nodes,1.0,EPSG:4326,synthetic_pilot_network,"flood_depth_m is an IDW proxy from SWMM node depths, NOT measured road inundation depth."
road-,,normal,imerg-2015-11-28_normal,0.0,safe,False,idw_from_swmm_nodes,1.0,EPSG:4326,synthetic_pilot_network,"flood_depth_m is an IDW proxy from SWMM node depths, NOT measured road inundation depth."
road-,,normal,imerg-2015-11-28_normal,0.0,safe,False,idw_from_swmm_nodes,1.0,EPSG:4326,synthetic_pilot_network,"flood_depth_m is an IDW proxy from SWMM node depths, NOT measured road inundation depth."
road-,,normal,imerg-2015-11-28_normal,0.0,safe,False,idw_from_swmm_nodes,1.0,EPSG:4326,synthetic_pilot_network,"flood_depth_m is an IDW proxy from SWMM node depths, NOT measured road inundation depth."
road-,,normal,imerg-2015-11-28_normal,0.0,safe,False,idw_from_swmm_nodes,1.0,EPSG:4326,synthetic_pilot_network,"flood_depth_m is an IDW proxy from SWMM node depths, NOT measured road inundation depth."
road-,,normal,imerg-2015-11-28_normal,0.0,safe,False,idw_from_swmm_nodes,1.0,EPSG:4326,synthetic_pilot_network,"flood_depth_m is an IDW proxy from SWMM node depths, NOT measured road inundation depth."
road-,,normal,imerg-2015-11-28_normal,0.0,safe,False,idw_from_swmm_nodes,1.0,EPSG:4326,synthetic_pilot_network,"flood_depth_m is an IDW proxy from SWMM node depths, NOT measured road inundation depth."
road-,,normal,imerg-2015-11-28_normal,0.0,safe,False,idw_from_swmm_nodes,1.0,EPSG:4326,synthetic_pilot_network,"flood_depth_m is an IDW proxy from SWMM node depths, NOT measured road inundation depth."
road-,,normal,imerg-2015-11-28_normal,0.0,safe,False,idw_from_swmm_nodes,1.0,EPSG:4326,synthetic_pilot_network,"flood_depth_m is an IDW proxy from SWMM node depths, NOT measured road inundation depth."
road-,,normal,imerg-2015-11-28_normal,0.0,safe,False,idw_from_swmm_nodes,1.0,EPSG:4326,synthetic_pilot_network,"flood_depth_m is an IDW proxy from SWMM node depths, NOT measured road inundation depth."
road-,,normal,imerg-2015-11-28_normal,0.0,safe,False,idw_from_swmm_nodes,1.0,EPSG:4326,synthetic_pilot_network,"flood_depth_m is an IDW proxy from SWMM node depths, NOT measured road inundation depth."
road-,,normal,imerg-2015-11-28_normal,0.2508,likely,False,idw_from_swmm_nodes,5.0,EPSG:4326,synthetic_pilot_network,"flood_depth_m is an IDW proxy from SWMM node depths, NOT measured road inundation depth."
road-,,normal,imerg-2015-11-28_normal,0.237,likely,False,idw_from_swmm_nodes,5.0,EPSG:4326,synthetic_pilot_network,"flood_depth_m is an IDW proxy from SWMM node depths, NOT measured road inundation depth."
road-,,normal,imerg-2015-11-28_normal,0.0,safe,False,idw_from_swmm_nodes,1.0,EPSG:4326,synthetic_pilot_network,"flood_depth_m is an IDW proxy from SWMM node depths, NOT measured road inundation depth."
road-,,normal,imerg-2015-11-28_normal,0.0,safe,False,idw_from_swmm_nodes,1.0,EPSG:4326,synthetic_pilot_network,"flood_depth_m is an IDW proxy from SWMM node depths, NOT measured road inundation depth."
road-,,normal,imerg-2015-11-28_normal,0.0,safe,False,idw_from_swmm_nodes,1.0,EPSG:4326,synthetic_pilot_network,"flood_depth_m is an IDW proxy from SWMM node depths, NOT measured road inundation depth."
road-,,normal,imerg-2015-11-28_normal,0.0,safe,False,idw_from_swmm_nodes,1.0,EPSG:4326,synthetic_pilot_network,"flood_depth_m is an IDW proxy from SWMM node depths, NOT measured road inundation depth."
road-,,normal,imerg-2015-11-28_normal,0.0,safe,False,idw_from_swmm_nodes,1.0,EPSG:4326,synthetic_pilot_network,"flood_depth_m is an IDW proxy from SWMM node depths, NOT measured road inundation depth."
road-,,normal,imerg-2015-11-28_normal,0.0,safe,False,idw_from_swmm_nodes,1.0,EPSG:4326,synthetic_pilot_network,"flood_depth_m is an IDW proxy from SWMM node depths, NOT measured road inundation depth."
road-,,normal,imerg-2015-11-28_normal,0.0,safe,False,idw_from_swmm_nodes,1.0,EPSG:4326,synthetic_pilot_network,"flood_depth_m is an IDW proxy from SWMM node depths, NOT measured road inundation depth."
road-,,normal,imerg-2015-11-28_normal,0.0,safe,False,idw_from_swmm_nodes,1.0,EPSG:4326,synthetic_pilot_network,"flood_depth_m is an IDW proxy from SWMM node depths, NOT measured road inundation depth."
road-,,normal,imerg-2015-11-28_normal,0.0,safe,False,idw_from_swmm_nodes,1.0,EPSG:4326,synthetic_pilot_network,"flood_depth_m is an IDW proxy from SWMM node depths, NOT measured road inundation depth."
road-,,normal,imerg-2015-11-28_normal,0.0,safe,False,idw_from_swmm_nodes,1.0,EPSG:4326,synthetic_pilot_network,"flood_depth_m is an IDW proxy from SWMM node depths, NOT measured road inundation depth."
road-,,normal,imerg-2015-11-28_normal,0.243,likely,False,idw_from_swmm_nodes,5.0,EPSG:4326,synthetic_pilot_network,"flood_depth_m is an IDW proxy from SWMM node depths, NOT measured road inundation depth."
road-,,normal,imerg-2015-11-28_normal,0.0,safe,False,idw_from_swmm_nodes,1.0,EPSG:4326,synthetic_pilot_network,"flood_depth_m is an IDW proxy from SWMM node depths, NOT measured road inundation depth."
road-,,normal,imerg-2015-11-28_normal,0.0,safe,False,idw_from_swmm_nodes,1.0,EPSG:4326,synthetic_pilot_network,"flood_depth_m is an IDW proxy from SWMM node depths, NOT measured road inundation depth."
road-,,normal,imerg-2015-11-28_normal,0.0,safe,False,idw_from_swmm_nodes,1.0,EPSG:4326,synthetic_pilot_network,"flood_depth_m is an IDW proxy from SWMM node depths, NOT measured road inundation depth."
road-,,normal,imerg-2015-11-28_normal,0.2479,likely,False,idw_from_swmm_nodes,5.0,EPSG:4326,synthetic_pilot_network,"flood_depth_m is an IDW proxy from SWMM node depths, NOT measured road inundation depth."
road-,,normal,imerg-2015-11-28_normal,0.0,safe,False,idw_from_swmm_nodes,1.0,EPSG:4326,synthetic_pilot_network,"flood_depth_m is an IDW proxy from SWMM node depths, NOT measured road inundation depth."
road-,,normal,imerg-2015-11-28_normal,0.0,safe,False,idw_from_swmm_nodes,1.0,EPSG:4326,synthetic_pilot_network,"flood_depth_m is an IDW proxy from SWMM node depths, NOT measured road inundation depth."
road-,,normal,imerg-2015-11-28_normal,0.2493,likely,False,idw_from_swmm_nodes,5.0,EPSG:4326,synthetic_pilot_network,"flood_depth_m is an IDW proxy from SWMM node depths, NOT measured road inundation depth."
road-,,normal,imerg-2015-11-28_normal,0.0,safe,False,idw_from_swmm_nodes,1.0,EPSG:4326,synthetic_pilot_network,"flood_depth_m is an IDW proxy from SWMM node depths, NOT measured road inundation depth."
road-,,normal,imerg-2015-11-28_normal,0.0,safe,False,idw_from_swmm_nodes,1.0,EPSG:4326,synthetic_pilot_network,"flood_depth_m is an IDW proxy from SWMM node depths, NOT measured road inundation depth."
road-,,normal,imerg-2015-11-28_normal,0.0,safe,False,idw_from_swmm_nodes,1.0,EPSG:4326,synthetic_pilot_network,"flood_depth_m is an IDW proxy from SWMM node depths, NOT measured road inundation depth."
road-,,normal,imerg-2015-11-28_normal,0.0,safe,False,idw_from_swmm_nodes,1.0,EPSG:4326,synthetic_pilot_network,"flood_depth_m is an IDW proxy from SWMM node depths, NOT measured road inundation depth."
road-,,normal,imerg-2015-11-28_normal,0.0,safe,False,idw_from_swmm_nodes,1.0,EPSG:4326,synthetic_pilot_network,"flood_depth_m is an IDW proxy from SWMM node depths, NOT measured road inundation depth."
road-,,normal,imerg-2015-11-28_normal,0.0,safe,False,idw_from_swmm_nodes,1.0,EPSG:4326,synthetic_pilot_network,"flood_depth_m is an IDW proxy from SWMM node depths, NOT measured road inundation depth."
road-,,normal,imerg-2015-11-28_normal,0.0,safe,False,idw_from_swmm_nodes,1.0,EPSG:4326,synthetic_pilot_network,"flood_depth_m is an IDW proxy from SWMM node depths, NOT measured road inundation depth."
road-,,normal,imerg-2015-11-28_normal,0.0,safe,False,idw_from_swmm_nodes,1.0,EPSG:4326,synthetic_pilot_network,"flood_depth_m is an IDW proxy from SWMM node depths, NOT measured road inundation depth."
road-,,normal,imerg-2015-11-28_normal,0.0,safe,False,idw_from_swmm_nodes,1.0,EPSG:4326,synthetic_pilot_network,"flood_depth_m is an IDW proxy from SWMM node depths, NOT measured road inundation depth."
road-,,normal,imerg-2015-11-28_normal,0.0,safe,False,idw_from_swmm_nodes,1.0,EPSG:4326,synthetic_pilot_network,"flood_depth_m is an IDW proxy from SWMM node depths, NOT measured road inundation depth."
road-,,normal,imerg-2015-11-28_normal,0.0,safe,False,idw_from_swmm_nodes,1.0,EPSG:4326,synthetic_pilot_network,"flood_depth_m is an IDW proxy from SWMM node depths, NOT measured road inundation depth."
road-,,normal,imerg-2015-11-28_normal,0.0,safe,False,idw_from_swmm_nodes,1.0,EPSG:4326,synthetic_pilot_network,"flood_depth_m is an IDW proxy from SWMM node depths, NOT measured road inundation depth."
road-,,normal,imerg-2015-11-28_normal,0.0,safe,False,idw_from_swmm_nodes,1.0,EPSG:4326,synthetic_pilot_network,"flood_depth_m is an IDW proxy from SWMM node depths, NOT measured road inundation depth."
road-,,normal,imerg-2015-11-28_normal,0.0,safe,False,idw_from_swmm_nodes,1.0,EPSG:4326,synthetic_pilot_network,"flood_depth_m is an IDW proxy from SWMM node depths, NOT measured road inundation depth."
road-,,normal,imerg-2015-11-28_normal,0.2483,likely,False,idw_from_swmm_nodes,5.0,EPSG:4326,synthetic_pilot_network,"flood_depth_m is an IDW proxy from SWMM node depths, NOT measured road inundation depth."
road-,,normal,imerg-2015-11-28_normal,0.0,safe,False,idw_from_swmm_nodes,1.0,EPSG:4326,synthetic_pilot_network,"flood_depth_m is an IDW proxy from SWMM node depths, NOT measured road inundation depth."
road-,,normal,imerg-2015-11-28_normal,0.0,safe,False,idw_from_swmm_nodes,1.0,EPSG:4326,synthetic_pilot_network,"flood_depth_m is an IDW proxy from SWMM node depths, NOT measured road inundation depth."
road-,,normal,imerg-2015-11-28_normal,0.0,safe,False,idw_from_swmm_nodes,1.0,EPSG:4326,synthetic_pilot_network,"flood_depth_m is an IDW proxy from SWMM node depths, NOT measured road inundation depth."
road-,,normal,imerg-2015-11-28_normal,0.0,safe,False,idw_from_swmm_nodes,1.0,EPSG:4326,synthetic_pilot_network,"flood_depth_m is an IDW proxy from SWMM node depths, NOT measured road inundation depth."
road-,,normal,imerg-2015-11-28_normal,0.0,safe,False,idw_from_swmm_nodes,1.0,EPSG:4326,synthetic_pilot_network,"flood_depth_m is an IDW proxy from SWMM node depths, NOT measured road inundation depth."
road-,,normal,imerg-2015-11-28_normal,0.0,safe,False,idw_from_swmm_nodes,1.0,EPSG:4326,synthetic_pilot_network,"flood_depth_m is an IDW proxy from SWMM node depths, NOT measured road inundation depth."
road-,,normal,imerg-2015-11-28_normal,0.0,safe,False,idw_from_swmm_nodes,1.0,EPSG:4326,synthetic_pilot_network,"flood_depth_m is an IDW proxy from SWMM node depths, NOT measured road inundation depth."
road-,,normal,imerg-2015-11-28_normal,0.0,safe,False,idw_from_swmm_nodes,1.0,EPSG:4326,synthetic_pilot_network,"flood_depth_m is an IDW proxy from SWMM node depths, NOT measured road inundation depth."
road-,,normal,imerg-2015-11-28_normal,0.0,safe,False,idw_from_swmm_nodes,1.0,EPSG:4326,synthetic_pilot_network,"flood_depth_m is an IDW proxy from SWMM node depths, NOT measured road inundation depth."
road-,,normal,imerg-2015-11-28_normal,0.0,safe,False,idw_from_swmm_nodes,1.0,EPSG:4326,synthetic_pilot_network,"flood_depth_m is an IDW proxy from SWMM node depths, NOT measured road inundation depth."
road-,,normal,imerg-2015-11-28_normal,0.0,safe,False,idw_from_swmm_nodes,1.0,EPSG:4326,synthetic_pilot_network,"flood_depth_m is an IDW proxy from SWMM node depths, NOT measured road inundation depth."
road-,,normal,imerg-2015-11-28_normal,0.0,safe,False,idw_from_swmm_nodes,1.0,EPSG:4326,synthetic_pilot_network,"flood_depth_m is an IDW proxy from SWMM node depths, NOT measured road inundation depth."
road-,,normal,imerg-2015-11-28_normal,0.0,safe,False,idw_from_swmm_nodes,1.0,EPSG:4326,synthetic_pilot_network,"flood_depth_m is an IDW proxy from SWMM node depths, NOT measured road inundation depth."
road-,,normal,imerg-2015-11-28_normal,0.0,safe,False,idw_from_swmm_nodes,1.0,EPSG:4326,synthetic_pilot_network,"flood_depth_m is an IDW proxy from SWMM node depths, NOT measured road inundation depth."
road-,,normal,imerg-2015-11-28_normal,0.0,safe,False,idw_from_swmm_nodes,1.0,EPSG:4326,synthetic_pilot_network,"flood_depth_m is an IDW proxy from SWMM node depths, NOT measured road inundation depth."
road-,,normal,imerg-2015-11-28_normal,0.0,safe,False,idw_from_swmm_nodes,1.0,EPSG:4326,synthetic_pilot_network,"flood_depth_m is an IDW proxy from SWMM node depths, NOT measured road inundation depth."
road-,,normal,imerg-2015-11-28_normal,0.0,safe,False,idw_from_swmm_nodes,1.0,EPSG:4326,synthetic_pilot_network,"flood_depth_m is an IDW proxy from SWMM node depths, NOT measured road inundation depth."
road-,,normal,imerg-2015-11-28_normal,0.0,safe,False,idw_from_swmm_nodes,1.0,EPSG:4326,synthetic_pilot_network,"flood_depth_m is an IDW proxy from SWMM node depths, NOT measured road inundation depth."
road-,,normal,imerg-2015-11-28_normal,0.2455,likely,False,idw_from_swmm_nodes,5.0,EPSG:4326,synthetic_pilot_network,"flood_depth_m is an IDW proxy from SWMM node depths, NOT measured road inundation depth."
road-,,normal,imerg-2015-11-28_normal,0.0,safe,False,idw_from_swmm_nodes,1.0,EPSG:4326,synthetic_pilot_network,"flood_depth_m is an IDW proxy from SWMM node depths, NOT measured road inundation depth."
road-,,normal,imerg-2015-11-28_normal,0.0,safe,False,idw_from_swmm_nodes,1.0,EPSG:4326,synthetic_pilot_network,"flood_depth_m is an IDW proxy from SWMM node depths, NOT measured road inundation depth."
road-,,normal,imerg-2015-11-28_normal,0.0,safe,False,idw_from_swmm_nodes,1.0,EPSG:4326,synthetic_pilot_network,"flood_depth_m is an IDW proxy from SWMM node depths, NOT measured road inundation depth."
road-,,normal,imerg-2015-11-28_normal,0.0,safe,False,idw_from_swmm_nodes,1.0,EPSG:4326,synthetic_pilot_network,"flood_depth_m is an IDW proxy from SWMM node depths, NOT measured road inundation depth."
road-,,normal,imerg-2015-11-28_normal,0.0,safe,False,idw_from_swmm_nodes,1.0,EPSG:4326,synthetic_pilot_network,"flood_depth_m is an IDW proxy from SWMM node depths, NOT measured road inundation depth."
road-,,normal,imerg-2015-11-28_normal,0.2521,likely,False,idw_from_swmm_nodes,5.0,EPSG:4326,synthetic_pilot_network,"flood_depth_m is an IDW proxy from SWMM node depths, NOT measured road inundation depth."
road-,,normal,imerg-2015-11-28_normal,0.0,safe,False,idw_from_swmm_nodes,1.0,EPSG:4326,synthetic_pilot_network,"flood_depth_m is an IDW proxy from SWMM node depths, NOT measured road inundation depth."
road-,,normal,imerg-2015-11-28_normal,0.0,safe,False,idw_from_swmm_nodes,1.0,EPSG:4326,synthetic_pilot_network,"flood_depth_m is an IDW proxy from SWMM node depths, NOT measured road inundation depth."
road-,,normal,imerg-2015-11-28_normal,0.0,safe,False,idw_from_swmm_nodes,1.0,EPSG:4326,synthetic_pilot_network,"flood_depth_m is an IDW proxy from SWMM node depths, NOT measured road inundation depth."
road-,,normal,imerg-2015-11-28_normal,0.0,safe,False,idw_from_swmm_nodes,1.0,EPSG:4326,synthetic_pilot_network,"flood_depth_m is an IDW proxy from SWMM node depths, NOT measured road inundation depth."
road-,,normal,imerg-2015-11-28_normal,0.0,safe,False,idw_from_swmm_nodes,1.0,EPSG:4326,synthetic_pilot_network,"flood_depth_m is an IDW proxy from SWMM node depths, NOT measured road inundation depth."
road-,,normal,imerg-2015-11-28_normal,0.0,safe,False,idw_from_swmm_nodes,1.0,EPSG:4326,synthetic_pilot_network,"flood_depth_m is an IDW proxy from SWMM node depths, NOT measured road inundation depth."
road-,,normal,imerg-2015-11-28_normal,0.0,safe,False,idw_from_swmm_nodes,1.0,EPSG:4326,synthetic_pilot_network,"flood_depth_m is an IDW proxy from SWMM node depths, NOT measured road inundation depth."
road-,,normal,imerg-2015-11-28_normal,0.0,safe,False,idw_from_swmm_nodes,1.0,EPSG:4326,synthetic_pilot_network,"flood_depth_m is an IDW proxy from SWMM node depths, NOT measured road inundation depth."
road-,,normal,imerg-2015-11-28_normal,0.0,safe,False,idw_from_swmm_nodes,1.0,EPSG:4326,synthetic_pilot_network,"flood_depth_m is an IDW proxy from SWMM node depths, NOT measured road inundation depth."
road-,,normal,imerg-2015-11-28_normal,0.0,safe,False,idw_from_swmm_nodes,1.0,EPSG:4326,synthetic_pilot_network,"flood_depth_m is an IDW proxy from SWMM node depths, NOT measured road inundation depth."
road-,,normal,imerg-2015-11-28_normal,0.0,safe,False,idw_from_swmm_nodes,1.0,EPSG:4326,synthetic_pilot_network,"flood_depth_m is an IDW proxy from SWMM node depths, NOT measured road inundation depth."
road-,,normal,imerg-2015-11-28_normal,0.0,safe,False,idw_from_swmm_nodes,1.0,EPSG:4326,synthetic_pilot_network,"flood_depth_m is an IDW proxy from SWMM node depths, NOT measured road inundation depth."
road-,,normal,imerg-2015-11-28_normal,0.0,safe,False,idw_from_swmm_nodes,1.0,EPSG:4326,synthetic_pilot_network,"flood_depth_m is an IDW proxy from SWMM node depths, NOT measured road inundation depth."
road-,,normal,imerg-2015-11-28_normal,0.2572,likely,False,idw_from_swmm_nodes,5.0,EPSG:4326,synthetic_pilot_network,"flood_depth_m is an IDW proxy from SWMM node depths, NOT measured road inundation depth."
road-,,normal,imerg-2015-11-28_normal,0.0,safe,False,idw_from_swmm_nodes,1.0,EPSG:4326,synthetic_pilot_network,"flood_depth_m is an IDW proxy from SWMM node depths, NOT measured road inundation depth."
road-,,normal,imerg-2015-11-28_normal,0.0,safe,False,idw_from_swmm_nodes,1.0,EPSG:4326,synthetic_pilot_network,"flood_depth_m is an IDW proxy from SWMM node depths, NOT measured road inundation depth."
road-,,normal,imerg-2015-11-28_normal,0.0,safe,False,idw_from_swmm_nodes,1.0,EPSG:4326,synthetic_pilot_network,"flood_depth_m is an IDW proxy from SWMM node depths, NOT measured road inundation depth."
road-,,normal,imerg-2015-11-28_normal,0.0,safe,False,idw_from_swmm_nodes,1.0,EPSG:4326,synthetic_pilot_network,"flood_depth_m is an IDW proxy from SWMM node depths, NOT measured road inundation depth."
road-,,normal,imerg-2015-11-28_normal,0.0,safe,False,idw_from_swmm_nodes,1.0,EPSG:4326,synthetic_pilot_network,"flood_depth_m is an IDW proxy from SWMM node depths, NOT measured road inundation depth."
road-,,normal,imerg-2015-11-28_normal,0.0,safe,False,idw_from_swmm_nodes,1.0,EPSG:4326,synthetic_pilot_network,"flood_depth_m is an IDW proxy from SWMM node depths, NOT measured road inundation depth."
road-,,normal,imerg-2015-11-28_normal,0.0,safe,False,idw_from_swmm_nodes,1.0,EPSG:4326,synthetic_pilot_network,"flood_depth_m is an IDW proxy from SWMM node depths, NOT measured road inundation depth."
road-,,normal,imerg-2015-11-28_normal,0.0,safe,False,idw_from_swmm_nodes,1.0,EPSG:4326,synthetic_pilot_network,"flood_depth_m is an IDW proxy from SWMM node depths, NOT measured road inundation depth."
road-,,normal,imerg-2015-11-28_normal,0.0,safe,False,idw_from_swmm_nodes,1.0,EPSG:4326,synthetic_pilot_network,"flood_depth_m is an IDW proxy from SWMM node depths, NOT measured road inundation depth."
road-,,normal,imerg-2015-11-28_normal,0.2488,likely,False,idw_from_swmm_nodes,5.0,EPSG:4326,synthetic_pilot_network,"flood_depth_m is an IDW proxy from SWMM node depths, NOT measured road inundation depth."
road-,,normal,imerg-2015-11-28_normal,0.0,safe,False,idw_from_swmm_nodes,1.0,EPSG:4326,synthetic_pilot_network,"flood_depth_m is an IDW proxy from SWMM node depths, NOT measured road inundation depth."
road-,,normal,imerg-2015-11-28_normal,0.0,safe,False,idw_from_swmm_nodes,1.0,EPSG:4326,synthetic_pilot_network,"flood_depth_m is an IDW proxy from SWMM node depths, NOT measured road inundation depth."
road-,,normal,imerg-2015-11-28_normal,0.0,safe,False,idw_from_swmm_nodes,1.0,EPSG:4326,synthetic_pilot_network,"flood_depth_m is an IDW proxy from SWMM node depths, NOT measured road inundation depth."
road-,,normal,imerg-2015-11-28_normal,0.0,safe,False,idw_from_swmm_nodes,1.0,EPSG:4326,synthetic_pilot_network,"flood_depth_m is an IDW proxy from SWMM node depths, NOT measured road inundation depth."
road-,,normal,imerg-2015-11-28_normal,0.0,safe,False,idw_from_swmm_nodes,1.0,EPSG:4326,synthetic_pilot_network,"flood_depth_m is an IDW proxy from SWMM node depths, NOT measured road inundation depth."
road-,,normal,imerg-2015-11-28_normal,0.0,safe,False,idw_from_swmm_nodes,1.0,EPSG:4326,synthetic_pilot_network,"flood_depth_m is an IDW proxy from SWMM node depths, NOT measured road inundation depth."
road-,,normal,imerg-2015-11-28_normal,0.249,likely,False,idw_from_swmm_nodes,5.0,EPSG:4326,synthetic_pilot_network,"flood_depth_m is an IDW proxy from SWMM node depths, NOT measured road inundation depth."
road-,,normal,imerg-2015-11-28_normal,0.0,safe,False,idw_from_swmm_nodes,1.0,EPSG:4326,synthetic_pilot_network,"flood_depth_m is an IDW proxy from SWMM node depths, NOT measured road inundation depth."
road-,,normal,imerg-2015-11-28_normal,0.0,safe,False,idw_from_swmm_nodes,1.0,EPSG:4326,synthetic_pilot_network,"flood_depth_m is an IDW proxy from SWMM node depths, NOT measured road inundation depth."
road-,,normal,imerg-2015-11-28_normal,0.0,safe,False,idw_from_swmm_nodes,1.0,EPSG:4326,synthetic_pilot_network,"flood_depth_m is an IDW proxy from SWMM node depths, NOT measured road inundation depth."
road-,,normal,imerg-2015-11-28_normal,0.0,safe,False,idw_from_swmm_nodes,1.0,EPSG:4326,synthetic_pilot_network,"flood_depth_m is an IDW proxy from SWMM node depths, NOT measured road inundation depth."
road-,,normal,imerg-2015-11-28_normal,0.0,safe,False,idw_from_swmm_nodes,1.0,EPSG:4326,synthetic_pilot_network,"flood_depth_m is an IDW proxy from SWMM node depths, NOT measured road inundation depth."
road-,,normal,imerg-2015-11-28_normal,0.0,safe,False,idw_from_swmm_nodes,1.0,EPSG:4326,synthetic_pilot_network,"flood_depth_m is an IDW proxy from SWMM node depths, NOT measured road inundation depth."
road-,,normal,imerg-2015-11-28_normal,0.0,safe,False,idw_from_swmm_nodes,1.0,EPSG:4326,synthetic_pilot_network,"flood_depth_m is an IDW proxy from SWMM node depths, NOT measured road inundation depth."
road-,,normal,imerg-2015-11-28_normal,0.0,safe,False,idw_from_swmm_nodes,1.0,EPSG:4326,synthetic_pilot_network,"flood_depth_m is an IDW proxy from SWMM node depths, NOT measured road inundation depth."
road-,,normal,imerg-2015-11-28_normal,0.0,safe,False,idw_from_swmm_nodes,1.0,EPSG:4326,synthetic_pilot_network,"flood_depth_m is an IDW proxy from SWMM node depths, NOT measured road inundation depth."
road-,,normal,imerg-2015-11-28_normal,0.2494,likely,False,idw_from_swmm_nodes,5.0,EPSG:4326,synthetic_pilot_network,"flood_depth_m is an IDW proxy from SWMM node depths, NOT measured road inundation depth."
road-,,normal,imerg-2015-11-28_normal,0.0,safe,False,idw_from_swmm_nodes,1.0,EPSG:4326,synthetic_pilot_network,"flood_depth_m is an IDW proxy from SWMM node depths, NOT measured road inundation depth."
road-,,normal,imerg-2015-11-28_normal,0.0,safe,False,idw_from_swmm_nodes,1.0,EPSG:4326,synthetic_pilot_network,"flood_depth_m is an IDW proxy from SWMM node depths, NOT measured road inundation depth."
road-,,normal,imerg-2015-11-28_normal,0.0,safe,False,idw_from_swmm_nodes,1.0,EPSG:4326,synthetic_pilot_network,"flood_depth_m is an IDW proxy from SWMM node depths, NOT measured road inundation depth."
road-,,normal,imerg-2015-11-28_normal,0.0,safe,False,idw_from_swmm_nodes,1.0,EPSG:4326,synthetic_pilot_network,"flood_depth_m is an IDW proxy from SWMM node depths, NOT measured road inundation depth."
road-,,normal,imerg-2015-11-28_normal,0.0,safe,False,idw_from_swmm_nodes,1.0,EPSG:4326,synthetic_pilot_network,"flood_depth_m is an IDW proxy from SWMM node depths, NOT measured road inundation depth."
road-,,normal,imerg-2015-11-28_normal,0.0,safe,False,idw_from_swmm_nodes,1.0,EPSG:4326,synthetic_pilot_network,"flood_depth_m is an IDW proxy from SWMM node depths, NOT measured road inundation depth."
road-,,normal,imerg-2015-11-28_normal,0.0,safe,False,idw_from_swmm_nodes,1.0,EPSG:4326,synthetic_pilot_network,"flood_depth_m is an IDW proxy from SWMM node depths, NOT measured road inundation depth."
road-,,normal,imerg-2015-11-28_normal,0.0,safe,False,idw_from_swmm_nodes,1.0,EPSG:4326,synthetic_pilot_network,"flood_depth_m is an IDW proxy from SWMM node depths, NOT measured road inundation depth."
road-,,normal,imerg-2015-11-28_normal,0.0,safe,False,idw_from_swmm_nodes,1.0,EPSG:4326,synthetic_pilot_network,"flood_depth_m is an IDW proxy from SWMM node depths, NOT measured road inundation depth."
road-,,normal,imerg-2015-11-28_normal,0.0,safe,False,idw_from_swmm_nodes,1.0,EPSG:4326,synthetic_pilot_network,"flood_depth_m is an IDW proxy from SWMM node depths, NOT measured road inundation depth."
road-,,normal,imerg-2015-11-28_normal,0.0,safe,False,idw_from_swmm_nodes,1.0,EPSG:4326,synthetic_pilot_network,"flood_depth_m is an IDW proxy from SWMM node depths, NOT measured road inundation depth."
road-,,normal,imerg-2015-11-28_normal,0.0,safe,False,idw_from_swmm_nodes,1.0,EPSG:4326,synthetic_pilot_network,"flood_depth_m is an IDW proxy from SWMM node depths, NOT measured road inundation depth."
road-,,normal,imerg-2015-11-28_normal,0.0,safe,False,idw_from_swmm_nodes,1.0,EPSG:4326,synthetic_pilot_network,"flood_depth_m is an IDW proxy from SWMM node depths, NOT measured road inundation depth."
road-,,normal,imerg-2015-11-28_normal,0.0,safe,False,idw_from_swmm_nodes,1.0,EPSG:4326,synthetic_pilot_network,"flood_depth_m is an IDW proxy from SWMM node depths, NOT measured road inundation depth."
road-,,normal,imerg-2015-11-28_normal,0.0,safe,False,idw_from_swmm_nodes,1.0,EPSG:4326,synthetic_pilot_network,"flood_depth_m is an IDW proxy from SWMM node depths, NOT measured road inundation depth."
road-,,normal,imerg-2015-11-28_normal,0.0,safe,False,idw_from_swmm_nodes,1.0,EPSG:4326,synthetic_pilot_network,"flood_depth_m is an IDW proxy from SWMM node depths, NOT measured road inundation depth."
road-,,normal,imerg-2015-11-28_normal,0.0,safe,False,idw_from_swmm_nodes,1.0,EPSG:4326,synthetic_pilot_network,"flood_depth_m is an IDW proxy from SWMM node depths, NOT measured road inundation depth."
road-,,normal,imerg-2015-11-28_normal,0.0,safe,False,idw_from_swmm_nodes,1.0,EPSG:4326,synthetic_pilot_network,"flood_depth_m is an IDW proxy from SWMM node depths, NOT measured road inundation depth."
road-,,normal,imerg-2015-11-28_normal,0.0,safe,False,idw_from_swmm_nodes,1.0,EPSG:4326,synthetic_pilot_network,"flood_depth_m is an IDW proxy from SWMM node depths, NOT measured road inundation depth."
road-,,normal,imerg-2015-11-28_normal,0.0,safe,False,idw_from_swmm_nodes,1.0,EPSG:4326,synthetic_pilot_network,"flood_depth_m is an IDW proxy from SWMM node depths, NOT measured road inundation depth."
road-,,normal,imerg-2015-11-28_normal,0.0,safe,False,idw_from_swmm_nodes,1.0,EPSG:4326,synthetic_pilot_network,"flood_depth_m is an IDW proxy from SWMM node depths, NOT measured road inundation depth."
road-,,normal,imerg-2015-11-28_normal,0.0,safe,False,idw_from_swmm_nodes,1.0,EPSG:4326,synthetic_pilot_network,"flood_depth_m is an IDW proxy from SWMM node depths, NOT measured road inundation depth."
road-,,normal,imerg-2015-11-28_normal,0.0,safe,False,idw_from_swmm_nodes,1.0,EPSG:4326,synthetic_pilot_network,"flood_depth_m is an IDW proxy from SWMM node depths, NOT measured road inundation depth."
road-,,normal,imerg-2015-11-28_normal,0.0,safe,False,idw_from_swmm_nodes,1.0,EPSG:4326,synthetic_pilot_network,"flood_depth_m is an IDW proxy from SWMM node depths, NOT measured road inundation depth."
road-,,normal,imerg-2015-11-28_normal,0.0,safe,False,idw_from_swmm_nodes,1.0,EPSG:4326,synthetic_pilot_network,"flood_depth_m is an IDW proxy from SWMM node depths, NOT measured road inundation depth."
road-,,normal,imerg-2015-11-28_normal,0.0,safe,False,idw_from_swmm_nodes,1.0,EPSG:4326,synthetic_pilot_network,"flood_depth_m is an IDW proxy from SWMM node depths, NOT measured road inundation depth."
road-,,normal,imerg-2015-11-28_normal,0.0,safe,False,idw_from_swmm_nodes,1.0,EPSG:4326,synthetic_pilot_network,"flood_depth_m is an IDW proxy from SWMM node depths, NOT measured road inundation depth."
road-,,normal,imerg-2015-11-28_normal,0.0,safe,False,idw_from_swmm_nodes,1.0,EPSG:4326,synthetic_pilot_network,"flood_depth_m is an IDW proxy from SWMM node depths, NOT measured road inundation depth."
road-,,normal,imerg-2015-11-28_normal,0.2499,likely,False,idw_from_swmm_nodes,5.0,EPSG:4326,synthetic_pilot_network,"flood_depth_m is an IDW proxy from SWMM node depths, NOT measured road inundation depth."
road-,,normal,imerg-2015-11-28_normal,0.0,safe,False,idw_from_swmm_nodes,1.0,EPSG:4326,synthetic_pilot_network,"flood_depth_m is an IDW proxy from SWMM node depths, NOT measured road inundation depth."
road-,,normal,imerg-2015-11-28_normal,0.0,safe,False,idw_from_swmm_nodes,1.0,EPSG:4326,synthetic_pilot_network,"flood_depth_m is an IDW proxy from SWMM node depths, NOT measured road inundation depth."
road-,,normal,imerg-2015-11-28_normal,0.0,safe,False,idw_from_swmm_nodes,1.0,EPSG:4326,synthetic_pilot_network,"flood_depth_m is an IDW proxy from SWMM node depths, NOT measured road inundation depth."
road-,,normal,imerg-2015-11-28_normal,0.0,safe,False,idw_from_swmm_nodes,1.0,EPSG:4326,synthetic_pilot_network,"flood_depth_m is an IDW proxy from SWMM node depths, NOT measured road inundation depth."
road-,,normal,imerg-2015-11-28_normal,0.0,safe,False,idw_from_swmm_nodes,1.0,EPSG:4326,synthetic_pilot_network,"flood_depth_m is an IDW proxy from SWMM node depths, NOT measured road inundation depth."
road-,,normal,imerg-2015-11-28_normal,0.0,safe,False,idw_from_swmm_nodes,1.0,EPSG:4326,synthetic_pilot_network,"flood_depth_m is an IDW proxy from SWMM node depths, NOT measured road inundation depth."
road-,,normal,imerg-2015-11-28_normal,0.0,safe,False,idw_from_swmm_nodes,1.0,EPSG:4326,synthetic_pilot_network,"flood_depth_m is an IDW proxy from SWMM node depths, NOT measured road inundation depth."
road-,,normal,imerg-2015-11-28_normal,0.0,safe,False,idw_from_swmm_nodes,1.0,EPSG:4326,synthetic_pilot_network,"flood_depth_m is an IDW proxy from SWMM node depths, NOT measured road inundation depth."
road-,,normal,imerg-2015-11-28_normal,0.0,safe,False,idw_from_swmm_nodes,1.0,EPSG:4326,synthetic_pilot_network,"flood_depth_m is an IDW proxy from SWMM node depths, NOT measured road inundation depth."
road-,,normal,imerg-2015-11-28_normal,0.0,safe,False,idw_from_swmm_nodes,1.0,EPSG:4326,synthetic_pilot_network,"flood_depth_m is an IDW proxy from SWMM node depths, NOT measured road inundation depth."
road-,,normal,imerg-2015-11-28_normal,0.0,safe,False,idw_from_swmm_nodes,1.0,EPSG:4326,synthetic_pilot_network,"flood_depth_m is an IDW proxy from SWMM node depths, NOT measured road inundation depth."
road-,,normal,imerg-2015-11-28_normal,0.0,safe,False,idw_from_swmm_nodes,1.0,EPSG:4326,synthetic_pilot_network,"flood_depth_m is an IDW proxy from SWMM node depths, NOT measured road inundation depth."
road-,,normal,imerg-2015-11-28_normal,0.0,safe,False,idw_from_swmm_nodes,1.0,EPSG:4326,synthetic_pilot_network,"flood_depth_m is an IDW proxy from SWMM node depths, NOT measured road inundation depth."
road-,,normal,imerg-2015-11-28_normal,0.0,safe,False,idw_from_swmm_nodes,1.0,EPSG:4326,synthetic_pilot_network,"flood_depth_m is an IDW proxy from SWMM node depths, NOT measured road inundation depth."
road-,,normal,imerg-2015-11-28_normal,0.0,safe,False,idw_from_swmm_nodes,1.0,EPSG:4326,synthetic_pilot_network,"flood_depth_m is an IDW proxy from SWMM node depths, NOT measured road inundation depth."
road-,,normal,imerg-2015-11-28_normal,0.0,safe,False,idw_from_swmm_nodes,1.0,EPSG:4326,synthetic_pilot_network,"flood_depth_m is an IDW proxy from SWMM node depths, NOT measured road inundation depth."
road-,,normal,imerg-2015-11-28_normal,0.0,safe,False,idw_from_swmm_nodes,1.0,EPSG:4326,synthetic_pilot_network,"flood_depth_m is an IDW proxy from SWMM node depths, NOT measured road inundation depth."
road-,,normal,imerg-2015-11-28_normal,0.0,safe,False,idw_from_swmm_nodes,1.0,EPSG:4326,synthetic_pilot_network,"flood_depth_m is an IDW proxy from SWMM node depths, NOT measured road inundation depth."
road-,,normal,imerg-2015-11-28_normal,0.0,safe,False,idw_from_swmm_nodes,1.0,EPSG:4326,synthetic_pilot_network,"flood_depth_m is an IDW proxy from SWMM node depths, NOT measured road inundation depth."
road-,,normal,imerg-2015-11-28_normal,0.28,likely,False,idw_from_swmm_nodes,5.0,EPSG:4326,synthetic_pilot_network,"flood_depth_m is an IDW proxy from SWMM node depths, NOT measured road inundation depth."
road-,,normal,imerg-2015-11-28_normal,0.0,safe,False,idw_from_swmm_nodes,1.0,EPSG:4326,synthetic_pilot_network,"flood_depth_m is an IDW proxy from SWMM node depths, NOT measured road inundation depth."
road-,,normal,imerg-2015-11-28_normal,0.0,safe,False,idw_from_swmm_nodes,1.0,EPSG:4326,synthetic_pilot_network,"flood_depth_m is an IDW proxy from SWMM node depths, NOT measured road inundation depth."
road-,,normal,imerg-2015-11-28_normal,0.0,safe,False,idw_from_swmm_nodes,1.0,EPSG:4326,synthetic_pilot_network,"flood_depth_m is an IDW proxy from SWMM node depths, NOT measured road inundation depth."
road-,,normal,imerg-2015-11-28_normal,0.0,safe,False,idw_from_swmm_nodes,1.0,EPSG:4326,synthetic_pilot_network,"flood_depth_m is an IDW proxy from SWMM node depths, NOT measured road inundation depth."
road-,,normal,imerg-2015-11-28_normal,0.0,safe,False,idw_from_swmm_nodes,1.0,EPSG:4326,synthetic_pilot_network,"flood_depth_m is an IDW proxy from SWMM node depths, NOT measured road inundation depth."
road-,,normal,imerg-2015-11-28_normal,0.0,safe,False,idw_from_swmm_nodes,1.0,EPSG:4326,synthetic_pilot_network,"flood_depth_m is an IDW proxy from SWMM node depths, NOT measured road inundation depth."
road-,,normal,imerg-2015-11-28_normal,0.0,safe,False,idw_from_swmm_nodes,1.0,EPSG:4326,synthetic_pilot_network,"flood_depth_m is an IDW proxy from SWMM node depths, NOT measured road inundation depth."
road-,,normal,imerg-2015-11-28_normal,0.241,likely,False,idw_from_swmm_nodes,5.0,EPSG:4326,synthetic_pilot_network,"flood_depth_m is an IDW proxy from SWMM node depths, NOT measured road inundation depth."
road-,,normal,imerg-2015-11-28_normal,0.0,safe,False,idw_from_swmm_nodes,1.0,EPSG:4326,synthetic_pilot_network,"flood_depth_m is an IDW proxy from SWMM node depths, NOT measured road inundation depth."
road-,,normal,imerg-2015-11-28_normal,0.2494,likely,False,idw_from_swmm_nodes,5.0,EPSG:4326,synthetic_pilot_network,"flood_depth_m is an IDW proxy from SWMM node depths, NOT measured road inundation depth."
road-,,normal,imerg-2015-11-28_normal,0.0,safe,False,idw_from_swmm_nodes,1.0,EPSG:4326,synthetic_pilot_network,"flood_depth_m is an IDW proxy from SWMM node depths, NOT measured road inundation depth."
road-,,normal,imerg-2015-11-28_normal,0.0,safe,False,idw_from_swmm_nodes,1.0,EPSG:4326,synthetic_pilot_network,"flood_depth_m is an IDW proxy from SWMM node depths, NOT measured road inundation depth."
road-,,normal,imerg-2015-11-28_normal,0.0,safe,False,idw_from_swmm_nodes,1.0,EPSG:4326,synthetic_pilot_network,"flood_depth_m is an IDW proxy from SWMM node depths, NOT measured road inundation depth."
road-,,normal,imerg-2015-11-28_normal,0.0,safe,False,idw_from_swmm_nodes,1.0,EPSG:4326,synthetic_pilot_network,"flood_depth_m is an IDW proxy from SWMM node depths, NOT measured road inundation depth."
road-,,normal,imerg-2015-11-28_normal,0.0,safe,False,idw_from_swmm_nodes,1.0,EPSG:4326,synthetic_pilot_network,"flood_depth_m is an IDW proxy from SWMM node depths, NOT measured road inundation depth."
road-,,normal,imerg-2015-11-28_normal,0.2434,likely,False,idw_from_swmm_nodes,5.0,EPSG:4326,synthetic_pilot_network,"flood_depth_m is an IDW proxy from SWMM node depths, NOT measured road inundation depth."
road-,,normal,imerg-2015-11-28_normal,0.0,safe,False,idw_from_swmm_nodes,1.0,EPSG:4326,synthetic_pilot_network,"flood_depth_m is an IDW proxy from SWMM node depths, NOT measured road inundation depth."
road-,,normal,imerg-2015-11-28_normal,0.0,safe,False,idw_from_swmm_nodes,1.0,EPSG:4326,synthetic_pilot_network,"flood_depth_m is an IDW proxy from SWMM node depths, NOT measured road inundation depth."
road-,,normal,imerg-2015-11-28_normal,0.0,safe,False,idw_from_swmm_nodes,1.0,EPSG:4326,synthetic_pilot_network,"flood_depth_m is an IDW proxy from SWMM node depths, NOT measured road inundation depth."
road-,,normal,imerg-2015-11-28_normal,0.0,safe,False,idw_from_swmm_nodes,1.0,EPSG:4326,synthetic_pilot_network,"flood_depth_m is an IDW proxy from SWMM node depths, NOT measured road inundation depth."
road-,,normal,imerg-2015-11-28_normal,0.0,safe,False,idw_from_swmm_nodes,1.0,EPSG:4326,synthetic_pilot_network,"flood_depth_m is an IDW proxy from SWMM node depths, NOT measured road inundation depth."
road-,,normal,imerg-2015-11-28_normal,0.2439,likely,False,idw_from_swmm_nodes,5.0,EPSG:4326,synthetic_pilot_network,"flood_depth_m is an IDW proxy from SWMM node depths, NOT measured road inundation depth."
road-,,normal,imerg-2015-11-28_normal,0.0,safe,False,idw_from_swmm_nodes,1.0,EPSG:4326,synthetic_pilot_network,"flood_depth_m is an IDW proxy from SWMM node depths, NOT measured road inundation depth."
road-,,normal,imerg-2015-11-28_normal,0.0,safe,False,idw_from_swmm_nodes,1.0,EPSG:4326,synthetic_pilot_network,"flood_depth_m is an IDW proxy from SWMM node depths, NOT measured road inundation depth."
road-,,normal,imerg-2015-11-28_normal,0.2502,likely,False,idw_from_swmm_nodes,5.0,EPSG:4326,synthetic_pilot_network,"flood_depth_m is an IDW proxy from SWMM node depths, NOT measured road inundation depth."
road-,,normal,imerg-2015-11-28_normal,0.0,safe,False,idw_from_swmm_nodes,1.0,EPSG:4326,synthetic_pilot_network,"flood_depth_m is an IDW proxy from SWMM node depths, NOT measured road inundation depth."
road-,,normal,imerg-2015-11-28_normal,0.0,safe,False,idw_from_swmm_nodes,1.0,EPSG:4326,synthetic_pilot_network,"flood_depth_m is an IDW proxy from SWMM node depths, NOT measured road inundation depth."
road-,,normal,imerg-2015-11-28_normal,0.0,safe,False,idw_from_swmm_nodes,1.0,EPSG:4326,synthetic_pilot_network,"flood_depth_m is an IDW proxy from SWMM node depths, NOT measured road inundation depth."
road-,,normal,imerg-2015-11-28_normal,0.0,safe,False,idw_from_swmm_nodes,1.0,EPSG:4326,synthetic_pilot_network,"flood_depth_m is an IDW proxy from SWMM node depths, NOT measured road inundation depth."
road-,,normal,imerg-2015-11-28_normal,0.0,safe,False,idw_from_swmm_nodes,1.0,EPSG:4326,synthetic_pilot_network,"flood_depth_m is an IDW proxy from SWMM node depths, NOT measured road inundation depth."
road-,,normal,imerg-2015-11-28_normal,0.0,safe,False,idw_from_swmm_nodes,1.0,EPSG:4326,synthetic_pilot_network,"flood_depth_m is an IDW proxy from SWMM node depths, NOT measured road inundation depth."
road-,,normal,imerg-2015-11-28_normal,0.0,safe,False,idw_from_swmm_nodes,1.0,EPSG:4326,synthetic_pilot_network,"flood_depth_m is an IDW proxy from SWMM node depths, NOT measured road inundation depth."
road-,,normal,imerg-2015-11-28_normal,0.2495,likely,False,idw_from_swmm_nodes,5.0,EPSG:4326,synthetic_pilot_network,"flood_depth_m is an IDW proxy from SWMM node depths, NOT measured road inundation depth."
road-,,normal,imerg-2015-11-28_normal,0.0,safe,False,idw_from_swmm_nodes,1.0,EPSG:4326,synthetic_pilot_network,"flood_depth_m is an IDW proxy from SWMM node depths, NOT measured road inundation depth."
road-,,normal,imerg-2015-11-28_normal,0.0,safe,False,idw_from_swmm_nodes,1.0,EPSG:4326,synthetic_pilot_network,"flood_depth_m is an IDW proxy from SWMM node depths, NOT measured road inundation depth."
road-,,normal,imerg-2015-11-28_normal,0.0,safe,False,idw_from_swmm_nodes,1.0,EPSG:4326,synthetic_pilot_network,"flood_depth_m is an IDW proxy from SWMM node depths, NOT measured road inundation depth."
road-,,normal,imerg-2015-11-28_normal,0.0,safe,False,idw_from_swmm_nodes,1.0,EPSG:4326,synthetic_pilot_network,"flood_depth_m is an IDW proxy from SWMM node depths, NOT measured road inundation depth."
road-,,normal,imerg-2015-11-28_normal,0.23,likely,False,idw_from_swmm_nodes,5.0,EPSG:4326,synthetic_pilot_network,"flood_depth_m is an IDW proxy from SWMM node depths, NOT measured road inundation depth."
road-,,normal,imerg-2015-11-28_normal,0.0,safe,False,idw_from_swmm_nodes,1.0,EPSG:4326,synthetic_pilot_network,"flood_depth_m is an IDW proxy from SWMM node depths, NOT measured road inundation depth."
road-,,normal,imerg-2015-11-28_normal,0.0,safe,False,idw_from_swmm_nodes,1.0,EPSG:4326,synthetic_pilot_network,"flood_depth_m is an IDW proxy from SWMM node depths, NOT measured road inundation depth."
road-,,normal,imerg-2015-11-28_normal,0.0,safe,False,idw_from_swmm_nodes,1.0,EPSG:4326,synthetic_pilot_network,"flood_depth_m is an IDW proxy from SWMM node depths, NOT measured road inundation depth."
road-,,normal,imerg-2015-11-28_normal,0.0,safe,False,idw_from_swmm_nodes,1.0,EPSG:4326,synthetic_pilot_network,"flood_depth_m is an IDW proxy from SWMM node depths, NOT measured road inundation depth."
road-,,normal,imerg-2015-11-28_normal,0.0,safe,False,idw_from_swmm_nodes,1.0,EPSG:4326,synthetic_pilot_network,"flood_depth_m is an IDW proxy from SWMM node depths, NOT measured road inundation depth."
road-,,normal,imerg-2015-11-28_normal,0.0,safe,False,idw_from_swmm_nodes,1.0,EPSG:4326,synthetic_pilot_network,"flood_depth_m is an IDW proxy from SWMM node depths, NOT measured road inundation depth."
road-,,normal,imerg-2015-11-28_normal,0.0,safe,False,idw_from_swmm_nodes,1.0,EPSG:4326,synthetic_pilot_network,"flood_depth_m is an IDW proxy from SWMM node depths, NOT measured road inundation depth."
road-,,normal,imerg-2015-11-28_normal,0.0,safe,False,idw_from_swmm_nodes,1.0,EPSG:4326,synthetic_pilot_network,"flood_depth_m is an IDW proxy from SWMM node depths, NOT measured road inundation depth."
road-,,normal,imerg-2015-11-28_normal,0.0,safe,False,idw_from_swmm_nodes,1.0,EPSG:4326,synthetic_pilot_network,"flood_depth_m is an IDW proxy from SWMM node depths, NOT measured road inundation depth."
road-,,normal,imerg-2015-11-28_normal,0.0,safe,False,idw_from_swmm_nodes,1.0,EPSG:4326,synthetic_pilot_network,"flood_depth_m is an IDW proxy from SWMM node depths, NOT measured road inundation depth."
road-,,normal,imerg-2015-11-28_normal,0.2463,likely,False,idw_from_swmm_nodes,5.0,EPSG:4326,synthetic_pilot_network,"flood_depth_m is an IDW proxy from SWMM node depths, NOT measured road inundation depth."
road-,,normal,imerg-2015-11-28_normal,0.2425,likely,False,idw_from_swmm_nodes,5.0,EPSG:4326,synthetic_pilot_network,"flood_depth_m is an IDW proxy from SWMM node depths, NOT measured road inundation depth."
road-,,normal,imerg-2015-11-28_normal,0.2485,likely,False,idw_from_swmm_nodes,5.0,EPSG:4326,synthetic_pilot_network,"flood_depth_m is an IDW proxy from SWMM node depths, NOT measured road inundation depth."
road-,,normal,imerg-2015-11-28_normal,0.0,safe,False,idw_from_swmm_nodes,1.0,EPSG:4326,synthetic_pilot_network,"flood_depth_m is an IDW proxy from SWMM node depths, NOT measured road inundation depth."
road-,,normal,imerg-2015-11-28_normal,0.0,safe,False,idw_from_swmm_nodes,1.0,EPSG:4326,synthetic_pilot_network,"flood_depth_m is an IDW proxy from SWMM node depths, NOT measured road inundation depth."
road-,,normal,imerg-2015-11-28_normal,0.0,safe,False,idw_from_swmm_nodes,1.0,EPSG:4326,synthetic_pilot_network,"flood_depth_m is an IDW proxy from SWMM node depths, NOT measured road inundation depth."
road-,,normal,imerg-2015-11-28_normal,0.0,safe,False,idw_from_swmm_nodes,1.0,EPSG:4326,synthetic_pilot_network,"flood_depth_m is an IDW proxy from SWMM node depths, NOT measured road inundation depth."
road-,,normal,imerg-2015-11-28_normal,0.0,safe,False,idw_from_swmm_nodes,1.0,EPSG:4326,synthetic_pilot_network,"flood_depth_m is an IDW proxy from SWMM node depths, NOT measured road inundation depth."
road-,,normal,imerg-2015-11-28_normal,0.2536,likely,False,idw_from_swmm_nodes,5.0,EPSG:4326,synthetic_pilot_network,"flood_depth_m is an IDW proxy from SWMM node depths, NOT measured road inundation depth."
road-,,normal,imerg-2015-11-28_normal,0.0,safe,False,idw_from_swmm_nodes,1.0,EPSG:4326,synthetic_pilot_network,"flood_depth_m is an IDW proxy from SWMM node depths, NOT measured road inundation depth."
road-,,normal,imerg-2015-11-28_normal,0.2509,likely,False,idw_from_swmm_nodes,5.0,EPSG:4326,synthetic_pilot_network,"flood_depth_m is an IDW proxy from SWMM node depths, NOT measured road inundation depth."
road-,,normal,imerg-2015-11-28_normal,0.0,safe,False,idw_from_swmm_nodes,1.0,EPSG:4326,synthetic_pilot_network,"flood_depth_m is an IDW proxy from SWMM node depths, NOT measured road inundation depth."
road-,,normal,imerg-2015-11-28_normal,0.2471,likely,False,idw_from_swmm_nodes,5.0,EPSG:4326,synthetic_pilot_network,"flood_depth_m is an IDW proxy from SWMM node depths, NOT measured road inundation depth."
road-,,normal,imerg-2015-11-28_normal,0.0,safe,False,idw_from_swmm_nodes,1.0,EPSG:4326,synthetic_pilot_network,"flood_depth_m is an IDW proxy from SWMM node depths, NOT measured road inundation depth."
road-,,normal,imerg-2015-11-28_normal,0.2494,likely,False,idw_from_swmm_nodes,5.0,EPSG:4326,synthetic_pilot_network,"flood_depth_m is an IDW proxy from SWMM node depths, NOT measured road inundation depth."
road-,,normal,imerg-2015-11-28_normal,0.2503,likely,False,idw_from_swmm_nodes,5.0,EPSG:4326,synthetic_pilot_network,"flood_depth_m is an IDW proxy from SWMM node depths, NOT measured road inundation depth."
road-,,normal,imerg-2015-11-28_normal,0.0,safe,False,idw_from_swmm_nodes,1.0,EPSG:4326,synthetic_pilot_network,"flood_depth_m is an IDW proxy from SWMM node depths, NOT measured road inundation depth."
road-,,normal,imerg-2015-11-28_normal,0.0,safe,False,idw_from_swmm_nodes,1.0,EPSG:4326,synthetic_pilot_network,"flood_depth_m is an IDW proxy from SWMM node depths, NOT measured road inundation depth."
road-,,normal,imerg-2015-11-28_normal,0.2415,likely,False,idw_from_swmm_nodes,5.0,EPSG:4326,synthetic_pilot_network,"flood_depth_m is an IDW proxy from SWMM node depths, NOT measured road inundation depth."
road-,,normal,imerg-2015-11-28_normal,0.0,safe,False,idw_from_swmm_nodes,1.0,EPSG:4326,synthetic_pilot_network,"flood_depth_m is an IDW proxy from SWMM node depths, NOT measured road inundation depth."
road-,,normal,imerg-2015-11-28_normal,0.0,safe,False,idw_from_swmm_nodes,1.0,EPSG:4326,synthetic_pilot_network,"flood_depth_m is an IDW proxy from SWMM node depths, NOT measured road inundation depth."
road-,,normal,imerg-2015-11-28_normal,0.0,safe,False,idw_from_swmm_nodes,1.0,EPSG:4326,synthetic_pilot_network,"flood_depth_m is an IDW proxy from SWMM node depths, NOT measured road inundation depth."
road-,,normal,imerg-2015-11-28_normal,0.0,safe,False,idw_from_swmm_nodes,1.0,EPSG:4326,synthetic_pilot_network,"flood_depth_m is an IDW proxy from SWMM node depths, NOT measured road inundation depth."
road-,,normal,imerg-2015-11-28_normal,0.0,safe,False,idw_from_swmm_nodes,1.0,EPSG:4326,synthetic_pilot_network,"flood_depth_m is an IDW proxy from SWMM node depths, NOT measured road inundation depth."
road-,,normal,imerg-2015-11-28_normal,0.0,safe,False,idw_from_swmm_nodes,1.0,EPSG:4326,synthetic_pilot_network,"flood_depth_m is an IDW proxy from SWMM node depths, NOT measured road inundation depth."
road-,,normal,imerg-2015-11-28_normal,0.0,safe,False,idw_from_swmm_nodes,1.0,EPSG:4326,synthetic_pilot_network,"flood_depth_m is an IDW proxy from SWMM node depths, NOT measured road inundation depth."
road-,,normal,imerg-2015-11-28_normal,0.0,safe,False,idw_from_swmm_nodes,1.0,EPSG:4326,synthetic_pilot_network,"flood_depth_m is an IDW proxy from SWMM node depths, NOT measured road inundation depth."
road-,,normal,imerg-2015-11-28_normal,0.0,safe,False,idw_from_swmm_nodes,1.0,EPSG:4326,synthetic_pilot_network,"flood_depth_m is an IDW proxy from SWMM node depths, NOT measured road inundation depth."
road-,,normal,imerg-2015-11-28_normal,0.0,safe,False,idw_from_swmm_nodes,1.0,EPSG:4326,synthetic_pilot_network,"flood_depth_m is an IDW proxy from SWMM node depths, NOT measured road inundation depth."
road-,,normal,imerg-2015-11-28_normal,0.0,safe,False,idw_from_swmm_nodes,1.0,EPSG:4326,synthetic_pilot_network,"flood_depth_m is an IDW proxy from SWMM node depths, NOT measured road inundation depth."
road-,,normal,imerg-2015-11-28_normal,0.2596,likely,False,idw_from_swmm_nodes,5.0,EPSG:4326,synthetic_pilot_network,"flood_depth_m is an IDW proxy from SWMM node depths, NOT measured road inundation depth."
road-,,normal,imerg-2015-11-28_normal,0.0,safe,False,idw_from_swmm_nodes,1.0,EPSG:4326,synthetic_pilot_network,"flood_depth_m is an IDW proxy from SWMM node depths, NOT measured road inundation depth."
road-,,normal,imerg-2015-11-28_normal,0.0,safe,False,idw_from_swmm_nodes,1.0,EPSG:4326,synthetic_pilot_network,"flood_depth_m is an IDW proxy from SWMM node depths, NOT measured road inundation depth."
road-,,normal,imerg-2015-11-28_normal,0.0,safe,False,idw_from_swmm_nodes,1.0,EPSG:4326,synthetic_pilot_network,"flood_depth_m is an IDW proxy from SWMM node depths, NOT measured road inundation depth."
road-,,normal,imerg-2015-11-28_normal,0.0,safe,False,idw_from_swmm_nodes,1.0,EPSG:4326,synthetic_pilot_network,"flood_depth_m is an IDW proxy from SWMM node depths, NOT measured road inundation depth."
road-,,normal,imerg-2015-11-28_normal,0.0,safe,False,idw_from_swmm_nodes,1.0,EPSG:4326,synthetic_pilot_network,"flood_depth_m is an IDW proxy from SWMM node depths, NOT measured road inundation depth."
road-,,normal,imerg-2015-11-28_normal,0.0,safe,False,idw_from_swmm_nodes,1.0,EPSG:4326,synthetic_pilot_network,"flood_depth_m is an IDW proxy from SWMM node depths, NOT measured road inundation depth."
road-,,normal,imerg-2015-11-28_normal,0.0,safe,False,idw_from_swmm_nodes,1.0,EPSG:4326,synthetic_pilot_network,"flood_depth_m is an IDW proxy from SWMM node depths, NOT measured road inundation depth."
road-,,normal,imerg-2015-11-28_normal,0.0,safe,False,idw_from_swmm_nodes,1.0,EPSG:4326,synthetic_pilot_network,"flood_depth_m is an IDW proxy from SWMM node depths, NOT measured road inundation depth."
road-,,normal,imerg-2015-11-28_normal,0.0,safe,False,idw_from_swmm_nodes,1.0,EPSG:4326,synthetic_pilot_network,"flood_depth_m is an IDW proxy from SWMM node depths, NOT measured road inundation depth."
road-,,normal,imerg-2015-11-28_normal,0.2495,likely,False,idw_from_swmm_nodes,5.0,EPSG:4326,synthetic_pilot_network,"flood_depth_m is an IDW proxy from SWMM node depths, NOT measured road inundation depth."
road-,,normal,imerg-2015-11-28_normal,0.0,safe,False,idw_from_swmm_nodes,1.0,EPSG:4326,synthetic_pilot_network,"flood_depth_m is an IDW proxy from SWMM node depths, NOT measured road inundation depth."
road-,,normal,imerg-2015-11-28_normal,0.0,safe,False,idw_from_swmm_nodes,1.0,EPSG:4326,synthetic_pilot_network,"flood_depth_m is an IDW proxy from SWMM node depths, NOT measured road inundation depth."
road-,,normal,imerg-2015-11-28_normal,0.0,safe,False,idw_from_swmm_nodes,1.0,EPSG:4326,synthetic_pilot_network,"flood_depth_m is an IDW proxy from SWMM node depths, NOT measured road inundation depth."
road-,,normal,imerg-2015-11-28_normal,0.0,safe,False,idw_from_swmm_nodes,1.0,EPSG:4326,synthetic_pilot_network,"flood_depth_m is an IDW proxy from SWMM node depths, NOT measured road inundation depth."
road-,,normal,imerg-2015-11-28_normal,0.0,safe,False,idw_from_swmm_nodes,1.0,EPSG:4326,synthetic_pilot_network,"flood_depth_m is an IDW proxy from SWMM node depths, NOT measured road inundation depth."
road-,,normal,imerg-2015-11-28_normal,0.2448,likely,False,idw_from_swmm_nodes,5.0,EPSG:4326,synthetic_pilot_network,"flood_depth_m is an IDW proxy from SWMM node depths, NOT measured road inundation depth."
road-,,normal,imerg-2015-11-28_normal,0.0,safe,False,idw_from_swmm_nodes,1.0,EPSG:4326,synthetic_pilot_network,"flood_depth_m is an IDW proxy from SWMM node depths, NOT measured road inundation depth."
road-,,normal,imerg-2015-11-28_normal,0.0,safe,False,idw_from_swmm_nodes,1.0,EPSG:4326,synthetic_pilot_network,"flood_depth_m is an IDW proxy from SWMM node depths, NOT measured road inundation depth."
road-,,normal,imerg-2015-11-28_normal,0.0,safe,False,idw_from_swmm_nodes,1.0,EPSG:4326,synthetic_pilot_network,"flood_depth_m is an IDW proxy from SWMM node depths, NOT measured road inundation depth."
road-,,normal,imerg-2015-11-28_normal,0.0,safe,False,idw_from_swmm_nodes,1.0,EPSG:4326,synthetic_pilot_network,"flood_depth_m is an IDW proxy from SWMM node depths, NOT measured road inundation depth."
road-,,normal,imerg-2015-11-28_normal,0.0,safe,False,idw_from_swmm_nodes,1.0,EPSG:4326,synthetic_pilot_network,"flood_depth_m is an IDW proxy from SWMM node depths, NOT measured road inundation depth."
road-,,normal,imerg-2015-11-28_normal,0.0,safe,False,idw_from_swmm_nodes,1.0,EPSG:4326,synthetic_pilot_network,"flood_depth_m is an IDW proxy from SWMM node depths, NOT measured road inundation depth."
road-,,normal,imerg-2015-11-28_normal,0.0,safe,False,idw_from_swmm_nodes,1.0,EPSG:4326,synthetic_pilot_network,"flood_depth_m is an IDW proxy from SWMM node depths, NOT measured road inundation depth."
road-,,normal,imerg-2015-11-28_normal,0.0,safe,False,idw_from_swmm_nodes,1.0,EPSG:4326,synthetic_pilot_network,"flood_depth_m is an IDW proxy from SWMM node depths, NOT measured road inundation depth."
road-,,normal,imerg-2015-11-28_normal,0.2438,likely,False,idw_from_swmm_nodes,5.0,EPSG:4326,synthetic_pilot_network,"flood_depth_m is an IDW proxy from SWMM node depths, NOT measured road inundation depth."
road-,,normal,imerg-2015-11-28_normal,0.0,safe,False,idw_from_swmm_nodes,1.0,EPSG:4326,synthetic_pilot_network,"flood_depth_m is an IDW proxy from SWMM node depths, NOT measured road inundation depth."
road-,,normal,imerg-2015-11-28_normal,0.0,safe,False,idw_from_swmm_nodes,1.0,EPSG:4326,synthetic_pilot_network,"flood_depth_m is an IDW proxy from SWMM node depths, NOT measured road inundation depth."
road-,,normal,imerg-2015-11-28_normal,0.0,safe,False,idw_from_swmm_nodes,1.0,EPSG:4326,synthetic_pilot_network,"flood_depth_m is an IDW proxy from SWMM node depths, NOT measured road inundation depth."
road-,,normal,imerg-2015-11-28_normal,0.0,safe,False,idw_from_swmm_nodes,1.0,EPSG:4326,synthetic_pilot_network,"flood_depth_m is an IDW proxy from SWMM node depths, NOT measured road inundation depth."
road-,,normal,imerg-2015-11-28_normal,0.2523,likely,False,idw_from_swmm_nodes,5.0,EPSG:4326,synthetic_pilot_network,"flood_depth_m is an IDW proxy from SWMM node depths, NOT measured road inundation depth."
road-,,normal,imerg-2015-11-28_normal,0.2435,likely,False,idw_from_swmm_nodes,5.0,EPSG:4326,synthetic_pilot_network,"flood_depth_m is an IDW proxy from SWMM node depths, NOT measured road inundation depth."
road-,,normal,imerg-2015-11-28_normal,0.0,safe,False,idw_from_swmm_nodes,1.0,EPSG:4326,synthetic_pilot_network,"flood_depth_m is an IDW proxy from SWMM node depths, NOT measured road inundation depth."
road-,,normal,imerg-2015-11-28_normal,0.0,safe,False,idw_from_swmm_nodes,1.0,EPSG:4326,synthetic_pilot_network,"flood_depth_m is an IDW proxy from SWMM node depths, NOT measured road inundation depth."
road-,,normal,imerg-2015-11-28_normal,0.0,safe,False,idw_from_swmm_nodes,1.0,EPSG:4326,synthetic_pilot_network,"flood_depth_m is an IDW proxy from SWMM node depths, NOT measured road inundation depth."
road-,,normal,imerg-2015-11-28_normal,0.0,safe,False,idw_from_swmm_nodes,1.0,EPSG:4326,synthetic_pilot_network,"flood_depth_m is an IDW proxy from SWMM node depths, NOT measured road inundation depth."
road-,,normal,imerg-2015-11-28_normal,0.0,safe,False,idw_from_swmm_nodes,1.0,EPSG:4326,synthetic_pilot_network,"flood_depth_m is an IDW proxy from SWMM node depths, NOT measured road inundation depth."
road-,,normal,imerg-2015-11-28_normal,0.0,safe,False,idw_from_swmm_nodes,1.0,EPSG:4326,synthetic_pilot_network,"flood_depth_m is an IDW proxy from SWMM node depths, NOT measured road inundation depth."
road-,,normal,imerg-2015-11-28_normal,0.2477,likely,False,idw_from_swmm_nodes,5.0,EPSG:4326,synthetic_pilot_network,"flood_depth_m is an IDW proxy from SWMM node depths, NOT measured road inundation depth."
road-,,normal,imerg-2015-11-28_normal,0.0,safe,False,idw_from_swmm_nodes,1.0,EPSG:4326,synthetic_pilot_network,"flood_depth_m is an IDW proxy from SWMM node depths, NOT measured road inundation depth."
road-,,normal,imerg-2015-11-28_normal,0.0,safe,False,idw_from_swmm_nodes,1.0,EPSG:4326,synthetic_pilot_network,"flood_depth_m is an IDW proxy from SWMM node depths, NOT measured road inundation depth."
road-,,normal,imerg-2015-11-28_normal,0.0,safe,False,idw_from_swmm_nodes,1.0,EPSG:4326,synthetic_pilot_network,"flood_depth_m is an IDW proxy from SWMM node depths, NOT measured road inundation depth."
road-,,normal,imerg-2015-11-28_normal,0.0,safe,False,idw_from_swmm_nodes,1.0,EPSG:4326,synthetic_pilot_network,"flood_depth_m is an IDW proxy from SWMM node depths, NOT measured road inundation depth."
road-,,normal,imerg-2015-11-28_normal,0.0,safe,False,idw_from_swmm_nodes,1.0,EPSG:4326,synthetic_pilot_network,"flood_depth_m is an IDW proxy from SWMM node depths, NOT measured road inundation depth."
road-,,normal,imerg-2015-11-28_normal,0.0,safe,False,idw_from_swmm_nodes,1.0,EPSG:4326,synthetic_pilot_network,"flood_depth_m is an IDW proxy from SWMM node depths, NOT measured road inundation depth."
road-,,normal,imerg-2015-11-28_normal,0.0,safe,False,idw_from_swmm_nodes,1.0,EPSG:4326,synthetic_pilot_network,"flood_depth_m is an IDW proxy from SWMM node depths, NOT measured road inundation depth."
road-,,normal,imerg-2015-11-28_normal,0.0,safe,False,idw_from_swmm_nodes,1.0,EPSG:4326,synthetic_pilot_network,"flood_depth_m is an IDW proxy from SWMM node depths, NOT measured road inundation depth."
road-,,normal,imerg-2015-11-28_normal,0.0,safe,False,idw_from_swmm_nodes,1.0,EPSG:4326,synthetic_pilot_network,"flood_depth_m is an IDW proxy from SWMM node depths, NOT measured road inundation depth."
road-,,normal,imerg-2015-11-28_normal,0.0,safe,False,idw_from_swmm_nodes,1.0,EPSG:4326,synthetic_pilot_network,"flood_depth_m is an IDW proxy from SWMM node depths, NOT measured road inundation depth."
road-,,normal,imerg-2015-11-28_normal,0.0,safe,False,idw_from_swmm_nodes,1.0,EPSG:4326,synthetic_pilot_network,"flood_depth_m is an IDW proxy from SWMM node depths, NOT measured road inundation depth."
road-,,normal,imerg-2015-11-28_normal,0.0,safe,False,idw_from_swmm_nodes,1.0,EPSG:4326,synthetic_pilot_network,"flood_depth_m is an IDW proxy from SWMM node depths, NOT measured road inundation depth."
road-,,normal,imerg-2015-11-28_normal,0.0,safe,False,idw_from_swmm_nodes,1.0,EPSG:4326,synthetic_pilot_network,"flood_depth_m is an IDW proxy from SWMM node depths, NOT measured road inundation depth."
road-,,normal,imerg-2015-11-28_normal,0.0,safe,False,idw_from_swmm_nodes,1.0,EPSG:4326,synthetic_pilot_network,"flood_depth_m is an IDW proxy from SWMM node depths, NOT measured road inundation depth."
road-,,normal,imerg-2015-11-28_normal,0.0,safe,False,idw_from_swmm_nodes,1.0,EPSG:4326,synthetic_pilot_network,"flood_depth_m is an IDW proxy from SWMM node depths, NOT measured road inundation depth."
road-,,normal,imerg-2015-11-28_normal,0.0,safe,False,idw_from_swmm_nodes,1.0,EPSG:4326,synthetic_pilot_network,"flood_depth_m is an IDW proxy from SWMM node depths, NOT measured road inundation depth."
road-,,normal,imerg-2015-11-28_normal,0.0,safe,False,idw_from_swmm_nodes,1.0,EPSG:4326,synthetic_pilot_network,"flood_depth_m is an IDW proxy from SWMM node depths, NOT measured road inundation depth."
road-,,normal,imerg-2015-11-28_normal,0.0,safe,False,idw_from_swmm_nodes,1.0,EPSG:4326,synthetic_pilot_network,"flood_depth_m is an IDW proxy from SWMM node depths, NOT measured road inundation depth."
road-,,normal,imerg-2015-11-28_normal,0.0,safe,False,idw_from_swmm_nodes,1.0,EPSG:4326,synthetic_pilot_network,"flood_depth_m is an IDW proxy from SWMM node depths, NOT measured road inundation depth."
road-,,normal,imerg-2015-11-28_normal,0.0,safe,False,idw_from_swmm_nodes,1.0,EPSG:4326,synthetic_pilot_network,"flood_depth_m is an IDW proxy from SWMM node depths, NOT measured road inundation depth."
road-,,normal,imerg-2015-11-28_normal,0.2481,likely,False,idw_from_swmm_nodes,5.0,EPSG:4326,synthetic_pilot_network,"flood_depth_m is an IDW proxy from SWMM node depths, NOT measured road inundation depth."
road-,,normal,imerg-2015-11-28_normal,0.0,safe,False,idw_from_swmm_nodes,1.0,EPSG:4326,synthetic_pilot_network,"flood_depth_m is an IDW proxy from SWMM node depths, NOT measured road inundation depth."
road-,,normal,imerg-2015-11-28_normal,0.2512,likely,False,idw_from_swmm_nodes,5.0,EPSG:4326,synthetic_pilot_network,"flood_depth_m is an IDW proxy from SWMM node depths, NOT measured road inundation depth."
road-,,normal,imerg-2015-11-28_normal,0.2484,likely,False,idw_from_swmm_nodes,5.0,EPSG:4326,synthetic_pilot_network,"flood_depth_m is an IDW proxy from SWMM node depths, NOT measured road inundation depth."
road-,,normal,imerg-2015-11-28_normal,0.0,safe,False,idw_from_swmm_nodes,1.0,EPSG:4326,synthetic_pilot_network,"flood_depth_m is an IDW proxy from SWMM node depths, NOT measured road inundation depth."
road-,,normal,imerg-2015-11-28_normal,0.2421,likely,False,idw_from_swmm_nodes,5.0,EPSG:4326,synthetic_pilot_network,"flood_depth_m is an IDW proxy from SWMM node depths, NOT measured road inundation depth."
road-,,normal,imerg-2015-11-28_normal,0.2466,likely,False,idw_from_swmm_nodes,5.0,EPSG:4326,synthetic_pilot_network,"flood_depth_m is an IDW proxy from SWMM node depths, NOT measured road inundation depth."
road-,,normal,imerg-2015-11-28_normal,0.0,safe,False,idw_from_swmm_nodes,1.0,EPSG:4326,synthetic_pilot_network,"flood_depth_m is an IDW proxy from SWMM node depths, NOT measured road inundation depth."
road-,,normal,imerg-2015-11-28_normal,0.0,safe,False,idw_from_swmm_nodes,1.0,EPSG:4326,synthetic_pilot_network,"flood_depth_m is an IDW proxy from SWMM node depths, NOT measured road inundation depth."
road-,,normal,imerg-2015-11-28_normal,0.0,safe,False,idw_from_swmm_nodes,1.0,EPSG:4326,synthetic_pilot_network,"flood_depth_m is an IDW proxy from SWMM node depths, NOT measured road inundation depth."
road-,,normal,imerg-2015-11-28_normal,0.0,safe,False,idw_from_swmm_nodes,1.0,EPSG:4326,synthetic_pilot_network,"flood_depth_m is an IDW proxy from SWMM node depths, NOT measured road inundation depth."
road-,,normal,imerg-2015-11-28_normal,0.0,safe,False,idw_from_swmm_nodes,1.0,EPSG:4326,synthetic_pilot_network,"flood_depth_m is an IDW proxy from SWMM node depths, NOT measured road inundation depth."
road-,,normal,imerg-2015-11-28_normal,0.0,safe,False,idw_from_swmm_nodes,1.0,EPSG:4326,synthetic_pilot_network,"flood_depth_m is an IDW proxy from SWMM node depths, NOT measured road inundation depth."
road-,,normal,imerg-2015-11-28_normal,0.0,safe,False,idw_from_swmm_nodes,1.0,EPSG:4326,synthetic_pilot_network,"flood_depth_m is an IDW proxy from SWMM node depths, NOT measured road inundation depth."
road-,,normal,imerg-2015-11-28_normal,0.0,safe,False,idw_from_swmm_nodes,1.0,EPSG:4326,synthetic_pilot_network,"flood_depth_m is an IDW proxy from SWMM node depths, NOT measured road inundation depth."
road-,,normal,imerg-2015-11-28_normal,0.0,safe,False,idw_from_swmm_nodes,1.0,EPSG:4326,synthetic_pilot_network,"flood_depth_m is an IDW proxy from SWMM node depths, NOT measured road inundation depth."
road-,,normal,imerg-2015-11-28_normal,0.0,safe,False,idw_from_swmm_nodes,1.0,EPSG:4326,synthetic_pilot_network,"flood_depth_m is an IDW proxy from SWMM node depths, NOT measured road inundation depth."
road-,,normal,imerg-2015-11-28_normal,0.0,safe,False,idw_from_swmm_nodes,1.0,EPSG:4326,synthetic_pilot_network,"flood_depth_m is an IDW proxy from SWMM node depths, NOT measured road inundation depth."
road-,,normal,imerg-2015-11-28_normal,0.0,safe,False,idw_from_swmm_nodes,1.0,EPSG:4326,synthetic_pilot_network,"flood_depth_m is an IDW proxy from SWMM node depths, NOT measured road inundation depth."
road-,,normal,imerg-2015-11-28_normal,0.0,safe,False,idw_from_swmm_nodes,1.0,EPSG:4326,synthetic_pilot_network,"flood_depth_m is an IDW proxy from SWMM node depths, NOT measured road inundation depth."
road-,,normal,imerg-2015-11-28_normal,0.0,safe,False,idw_from_swmm_nodes,1.0,EPSG:4326,synthetic_pilot_network,"flood_depth_m is an IDW proxy from SWMM node depths, NOT measured road inundation depth."
road-,,normal,imerg-2015-11-28_normal,0.0,safe,False,idw_from_swmm_nodes,1.0,EPSG:4326,synthetic_pilot_network,"flood_depth_m is an IDW proxy from SWMM node depths, NOT measured road inundation depth."
road-,,normal,imerg-2015-11-28_normal,0.0,safe,False,idw_from_swmm_nodes,1.0,EPSG:4326,synthetic_pilot_network,"flood_depth_m is an IDW proxy from SWMM node depths, NOT measured road inundation depth."
road-,,normal,imerg-2015-11-28_normal,0.0,safe,False,idw_from_swmm_nodes,1.0,EPSG:4326,synthetic_pilot_network,"flood_depth_m is an IDW proxy from SWMM node depths, NOT measured road inundation depth."
road-,,normal,imerg-2015-11-28_normal,0.28,likely,False,idw_from_swmm_nodes,5.0,EPSG:4326,synthetic_pilot_network,"flood_depth_m is an IDW proxy from SWMM node depths, NOT measured road inundation depth."
road-,,normal,imerg-2015-11-28_normal,0.0,safe,False,idw_from_swmm_nodes,1.0,EPSG:4326,synthetic_pilot_network,"flood_depth_m is an IDW proxy from SWMM node depths, NOT measured road inundation depth."
road-,,normal,imerg-2015-11-28_normal,0.0,safe,False,idw_from_swmm_nodes,1.0,EPSG:4326,synthetic_pilot_network,"flood_depth_m is an IDW proxy from SWMM node depths, NOT measured road inundation depth."
road-,,normal,imerg-2015-11-28_normal,0.0,safe,False,idw_from_swmm_nodes,1.0,EPSG:4326,synthetic_pilot_network,"flood_depth_m is an IDW proxy from SWMM node depths, NOT measured road inundation depth."
road-,,normal,imerg-2015-11-28_normal,0.0,safe,False,idw_from_swmm_nodes,1.0,EPSG:4326,synthetic_pilot_network,"flood_depth_m is an IDW proxy from SWMM node depths, NOT measured road inundation depth."
road-,,normal,imerg-2015-11-28_normal,0.0,safe,False,idw_from_swmm_nodes,1.0,EPSG:4326,synthetic_pilot_network,"flood_depth_m is an IDW proxy from SWMM node depths, NOT measured road inundation depth."
road-,,normal,imerg-2015-11-28_normal,0.0,safe,False,idw_from_swmm_nodes,1.0,EPSG:4326,synthetic_pilot_network,"flood_depth_m is an IDW proxy from SWMM node depths, NOT measured road inundation depth."
road-,,normal,imerg-2015-11-28_normal,0.0,safe,False,idw_from_swmm_nodes,1.0,EPSG:4326,synthetic_pilot_network,"flood_depth_m is an IDW proxy from SWMM node depths, NOT measured road inundation depth."
road-,,normal,imerg-2015-11-28_normal,0.0,safe,False,idw_from_swmm_nodes,1.0,EPSG:4326,synthetic_pilot_network,"flood_depth_m is an IDW proxy from SWMM node depths, NOT measured road inundation depth."
road-,,normal,imerg-2015-11-28_normal,0.0,safe,False,idw_from_swmm_nodes,1.0,EPSG:4326,synthetic_pilot_network,"flood_depth_m is an IDW proxy from SWMM node depths, NOT measured road inundation depth."
road-,,normal,imerg-2015-11-28_normal,0.0,safe,False,idw_from_swmm_nodes,1.0,EPSG:4326,synthetic_pilot_network,"flood_depth_m is an IDW proxy from SWMM node depths, NOT measured road inundation depth."
road-,,normal,imerg-2015-11-28_normal,0.0,safe,False,idw_from_swmm_nodes,1.0,EPSG:4326,synthetic_pilot_network,"flood_depth_m is an IDW proxy from SWMM node depths, NOT measured road inundation depth."
road-,,normal,imerg-2015-11-28_normal,0.0,safe,False,idw_from_swmm_nodes,1.0,EPSG:4326,synthetic_pilot_network,"flood_depth_m is an IDW proxy from SWMM node depths, NOT measured road inundation depth."
road-,,normal,imerg-2015-11-28_normal,0.0,safe,False,idw_from_swmm_nodes,1.0,EPSG:4326,synthetic_pilot_network,"flood_depth_m is an IDW proxy from SWMM node depths, NOT measured road inundation depth."
road-,,normal,imerg-2015-11-28_normal,0.0,safe,False,idw_from_swmm_nodes,1.0,EPSG:4326,synthetic_pilot_network,"flood_depth_m is an IDW proxy from SWMM node depths, NOT measured road inundation depth."
road-,,normal,imerg-2015-11-28_normal,0.0,safe,False,idw_from_swmm_nodes,1.0,EPSG:4326,synthetic_pilot_network,"flood_depth_m is an IDW proxy from SWMM node depths, NOT measured road inundation depth."
road-,,normal,imerg-2015-11-28_normal,0.0,safe,False,idw_from_swmm_nodes,1.0,EPSG:4326,synthetic_pilot_network,"flood_depth_m is an IDW proxy from SWMM node depths, NOT measured road inundation depth."
road-,,normal,imerg-2015-11-28_normal,0.0,safe,False,idw_from_swmm_nodes,1.0,EPSG:4326,synthetic_pilot_network,"flood_depth_m is an IDW proxy from SWMM node depths, NOT measured road inundation depth."
road-,,normal,imerg-2015-11-28_normal,0.0,safe,False,idw_from_swmm_nodes,1.0,EPSG:4326,synthetic_pilot_network,"flood_depth_m is an IDW proxy from SWMM node depths, NOT measured road inundation depth."
road-,,normal,imerg-2015-11-28_normal,0.0,safe,False,idw_from_swmm_nodes,1.0,EPSG:4326,synthetic_pilot_network,"flood_depth_m is an IDW proxy from SWMM node depths, NOT measured road inundation depth."
road-,,normal,imerg-2015-11-28_normal,0.0,safe,False,idw_from_swmm_nodes,1.0,EPSG:4326,synthetic_pilot_network,"flood_depth_m is an IDW proxy from SWMM node depths, NOT measured road inundation depth."
road-,,normal,imerg-2015-11-28_normal,0.0,safe,False,idw_from_swmm_nodes,1.0,EPSG:4326,synthetic_pilot_network,"flood_depth_m is an IDW proxy from SWMM node depths, NOT measured road inundation depth."
road-,,normal,imerg-2015-11-28_normal,0.0,safe,False,idw_from_swmm_nodes,1.0,EPSG:4326,synthetic_pilot_network,"flood_depth_m is an IDW proxy from SWMM node depths, NOT measured road inundation depth."
road-,,normal,imerg-2015-11-28_normal,0.0,safe,False,idw_from_swmm_nodes,1.0,EPSG:4326,synthetic_pilot_network,"flood_depth_m is an IDW proxy from SWMM node depths, NOT measured road inundation depth."
road-,,normal,imerg-2015-11-28_normal,0.0,safe,False,idw_from_swmm_nodes,1.0,EPSG:4326,synthetic_pilot_network,"flood_depth_m is an IDW proxy from SWMM node depths, NOT measured road inundation depth."
road-,,normal,imerg-2015-11-28_normal,0.0,safe,False,idw_from_swmm_nodes,1.0,EPSG:4326,synthetic_pilot_network,"flood_depth_m is an IDW proxy from SWMM node depths, NOT measured road inundation depth."
road-,,normal,imerg-2015-11-28_normal,0.0,safe,False,idw_from_swmm_nodes,1.0,EPSG:4326,synthetic_pilot_network,"flood_depth_m is an IDW proxy from SWMM node depths, NOT measured road inundation depth."
road-,,normal,imerg-2015-11-28_normal,0.0,safe,False,idw_from_swmm_nodes,1.0,EPSG:4326,synthetic_pilot_network,"flood_depth_m is an IDW proxy from SWMM node depths, NOT measured road inundation depth."
road-,,normal,imerg-2015-11-28_normal,0.0,safe,False,idw_from_swmm_nodes,1.0,EPSG:4326,synthetic_pilot_network,"flood_depth_m is an IDW proxy from SWMM node depths, NOT measured road inundation depth."
road-,,normal,imerg-2015-11-28_normal,0.0,safe,False,idw_from_swmm_nodes,1.0,EPSG:4326,synthetic_pilot_network,"flood_depth_m is an IDW proxy from SWMM node depths, NOT measured road inundation depth."
road-,,normal,imerg-2015-11-28_normal,0.0,safe,False,idw_from_swmm_nodes,1.0,EPSG:4326,synthetic_pilot_network,"flood_depth_m is an IDW proxy from SWMM node depths, NOT measured road inundation depth."
road-,,normal,imerg-2015-11-28_normal,0.0,safe,False,idw_from_swmm_nodes,1.0,EPSG:4326,synthetic_pilot_network,"flood_depth_m is an IDW proxy from SWMM node depths, NOT measured road inundation depth."
road-,,normal,imerg-2015-11-28_normal,0.2464,likely,False,idw_from_swmm_nodes,5.0,EPSG:4326,synthetic_pilot_network,"flood_depth_m is an IDW proxy from SWMM node depths, NOT measured road inundation depth."
road-,,normal,imerg-2015-11-28_normal,0.0,safe,False,idw_from_swmm_nodes,1.0,EPSG:4326,synthetic_pilot_network,"flood_depth_m is an IDW proxy from SWMM node depths, NOT measured road inundation depth."
road-,,normal,imerg-2015-11-28_normal,0.0,safe,False,idw_from_swmm_nodes,1.0,EPSG:4326,synthetic_pilot_network,"flood_depth_m is an IDW proxy from SWMM node depths, NOT measured road inundation depth."
road-,,normal,imerg-2015-11-28_normal,0.23,likely,False,idw_from_swmm_nodes,5.0,EPSG:4326,synthetic_pilot_network,"flood_depth_m is an IDW proxy from SWMM node depths, NOT measured road inundation depth."
road-,,normal,imerg-2015-11-28_normal,0.249,likely,False,idw_from_swmm_nodes,5.0,EPSG:4326,synthetic_pilot_network,"flood_depth_m is an IDW proxy from SWMM node depths, NOT measured road inundation depth."
road-,,normal,imerg-2015-11-28_normal,0.0,safe,False,idw_from_swmm_nodes,1.0,EPSG:4326,synthetic_pilot_network,"flood_depth_m is an IDW proxy from SWMM node depths, NOT measured road inundation depth."
road-,,normal,imerg-2015-11-28_normal,0.0,safe,False,idw_from_swmm_nodes,1.0,EPSG:4326,synthetic_pilot_network,"flood_depth_m is an IDW proxy from SWMM node depths, NOT measured road inundation depth."
road-,,normal,imerg-2015-11-28_normal,0.0,safe,False,idw_from_swmm_nodes,1.0,EPSG:4326,synthetic_pilot_network,"flood_depth_m is an IDW proxy from SWMM node depths, NOT measured road inundation depth."
road-,,normal,imerg-2015-11-28_normal,0.0,safe,False,idw_from_swmm_nodes,1.0,EPSG:4326,synthetic_pilot_network,"flood_depth_m is an IDW proxy from SWMM node depths, NOT measured road inundation depth."
road-,,normal,imerg-2015-11-28_normal,0.0,safe,False,idw_from_swmm_nodes,1.0,EPSG:4326,synthetic_pilot_network,"flood_depth_m is an IDW proxy from SWMM node depths, NOT measured road inundation depth."
road-,,normal,imerg-2015-11-28_normal,0.0,safe,False,idw_from_swmm_nodes,1.0,EPSG:4326,synthetic_pilot_network,"flood_depth_m is an IDW proxy from SWMM node depths, NOT measured road inundation depth."
road-,,normal,imerg-2015-11-28_normal,0.0,safe,False,idw_from_swmm_nodes,1.0,EPSG:4326,synthetic_pilot_network,"flood_depth_m is an IDW proxy from SWMM node depths, NOT measured road inundation depth."
road-,,normal,imerg-2015-11-28_normal,0.0,safe,False,idw_from_swmm_nodes,1.0,EPSG:4326,synthetic_pilot_network,"flood_depth_m is an IDW proxy from SWMM node depths, NOT measured road inundation depth."
road-,,normal,imerg-2015-11-28_normal,0.2506,likely,False,idw_from_swmm_nodes,5.0,EPSG:4326,synthetic_pilot_network,"flood_depth_m is an IDW proxy from SWMM node depths, NOT measured road inundation depth."
road-,,normal,imerg-2015-11-28_normal,0.0,safe,False,idw_from_swmm_nodes,1.0,EPSG:4326,synthetic_pilot_network,"flood_depth_m is an IDW proxy from SWMM node depths, NOT measured road inundation depth."
road-,,normal,imerg-2015-11-28_normal,0.0,safe,False,idw_from_swmm_nodes,1.0,EPSG:4326,synthetic_pilot_network,"flood_depth_m is an IDW proxy from SWMM node depths, NOT measured road inundation depth."
road-,,normal,imerg-2015-11-28_normal,0.0,safe,False,idw_from_swmm_nodes,1.0,EPSG:4326,synthetic_pilot_network,"flood_depth_m is an IDW proxy from SWMM node depths, NOT measured road inundation depth."
road-,,normal,imerg-2015-11-28_normal,0.0,safe,False,idw_from_swmm_nodes,1.0,EPSG:4326,synthetic_pilot_network,"flood_depth_m is an IDW proxy from SWMM node depths, NOT measured road inundation depth."
road-,,normal,imerg-2015-11-28_normal,0.0,safe,False,idw_from_swmm_nodes,1.0,EPSG:4326,synthetic_pilot_network,"flood_depth_m is an IDW proxy from SWMM node depths, NOT measured road inundation depth."
road-,,normal,imerg-2015-11-28_normal,0.0,safe,False,idw_from_swmm_nodes,1.0,EPSG:4326,synthetic_pilot_network,"flood_depth_m is an IDW proxy from SWMM node depths, NOT measured road inundation depth."
road-,,normal,imerg-2015-11-28_normal,0.0,safe,False,idw_from_swmm_nodes,1.0,EPSG:4326,synthetic_pilot_network,"flood_depth_m is an IDW proxy from SWMM node depths, NOT measured road inundation depth."
road-,,normal,imerg-2015-11-28_normal,0.0,safe,False,idw_from_swmm_nodes,1.0,EPSG:4326,synthetic_pilot_network,"flood_depth_m is an IDW proxy from SWMM node depths, NOT measured road inundation depth."
road-,,normal,imerg-2015-11-28_normal,0.244,likely,False,idw_from_swmm_nodes,5.0,EPSG:4326,synthetic_pilot_network,"flood_depth_m is an IDW proxy from SWMM node depths, NOT measured road inundation depth."
road-,,normal,imerg-2015-11-28_normal,0.0,safe,False,idw_from_swmm_nodes,1.0,EPSG:4326,synthetic_pilot_network,"flood_depth_m is an IDW proxy from SWMM node depths, NOT measured road inundation depth."
road-,,normal,imerg-2015-11-28_normal,0.0,safe,False,idw_from_swmm_nodes,1.0,EPSG:4326,synthetic_pilot_network,"flood_depth_m is an IDW proxy from SWMM node depths, NOT measured road inundation depth."
road-,,normal,imerg-2015-11-28_normal,0.0,safe,False,idw_from_swmm_nodes,1.0,EPSG:4326,synthetic_pilot_network,"flood_depth_m is an IDW proxy from SWMM node depths, NOT measured road inundation depth."
road-,,normal,imerg-2015-11-28_normal,0.0,safe,False,idw_from_swmm_nodes,1.0,EPSG:4326,synthetic_pilot_network,"flood_depth_m is an IDW proxy from SWMM node depths, NOT measured road inundation depth."
road-,,normal,imerg-2015-11-28_normal,0.2442,likely,False,idw_from_swmm_nodes,5.0,EPSG:4326,synthetic_pilot_network,"flood_depth_m is an IDW proxy from SWMM node depths, NOT measured road inundation depth."
road-,,normal,imerg-2015-11-28_normal,0.0,safe,False,idw_from_swmm_nodes,1.0,EPSG:4326,synthetic_pilot_network,"flood_depth_m is an IDW proxy from SWMM node depths, NOT measured road inundation depth."
road-,,normal,imerg-2015-11-28_normal,0.0,safe,False,idw_from_swmm_nodes,1.0,EPSG:4326,synthetic_pilot_network,"flood_depth_m is an IDW proxy from SWMM node depths, NOT measured road inundation depth."
road-,,normal,imerg-2015-11-28_normal,0.0,safe,False,idw_from_swmm_nodes,1.0,EPSG:4326,synthetic_pilot_network,"flood_depth_m is an IDW proxy from SWMM node depths, NOT measured road inundation depth."
road-,,normal,imerg-2015-11-28_normal,0.0,safe,False,idw_from_swmm_nodes,1.0,EPSG:4326,synthetic_pilot_network,"flood_depth_m is an IDW proxy from SWMM node depths, NOT measured road inundation depth."
road-,,normal,imerg-2015-11-28_normal,0.2462,likely,False,idw_from_swmm_nodes,5.0,EPSG:4326,synthetic_pilot_network,"flood_depth_m is an IDW proxy from SWMM node depths, NOT measured road inundation depth."
road-,,normal,imerg-2015-11-28_normal,0.0,safe,False,idw_from_swmm_nodes,1.0,EPSG:4326,synthetic_pilot_network,"flood_depth_m is an IDW proxy from SWMM node depths, NOT measured road inundation depth."
road-,,normal,imerg-2015-11-28_normal,0.0,safe,False,idw_from_swmm_nodes,1.0,EPSG:4326,synthetic_pilot_network,"flood_depth_m is an IDW proxy from SWMM node depths, NOT measured road inundation depth."
road-,,normal,imerg-2015-11-28_normal,0.0,safe,False,idw_from_swmm_nodes,1.0,EPSG:4326,synthetic_pilot_network,"flood_depth_m is an IDW proxy from SWMM node depths, NOT measured road inundation depth."
road-,,normal,imerg-2015-11-28_normal,0.2519,likely,False,idw_from_swmm_nodes,5.0,EPSG:4326,synthetic_pilot_network,"flood_depth_m is an IDW proxy from SWMM node depths, NOT measured road inundation depth."
road-,,normal,imerg-2015-11-28_normal,0.0,safe,False,idw_from_swmm_nodes,1.0,EPSG:4326,synthetic_pilot_network,"flood_depth_m is an IDW proxy from SWMM node depths, NOT measured road inundation depth."
road-,,normal,imerg-2015-11-28_normal,0.23,likely,False,idw_from_swmm_nodes,5.0,EPSG:4326,synthetic_pilot_network,"flood_depth_m is an IDW proxy from SWMM node depths, NOT measured road inundation depth."
road-,,normal,imerg-2015-11-28_normal,0.0,safe,False,idw_from_swmm_nodes,1.0,EPSG:4326,synthetic_pilot_network,"flood_depth_m is an IDW proxy from SWMM node depths, NOT measured road inundation depth."
road-,,normal,imerg-2015-11-28_normal,0.0,safe,False,idw_from_swmm_nodes,1.0,EPSG:4326,synthetic_pilot_network,"flood_depth_m is an IDW proxy from SWMM node depths, NOT measured road inundation depth."
road-,,normal,imerg-2015-11-28_normal,0.0,safe,False,idw_from_swmm_nodes,1.0,EPSG:4326,synthetic_pilot_network,"flood_depth_m is an IDW proxy from SWMM node depths, NOT measured road inundation depth."
road-,,normal,imerg-2015-11-28_normal,0.0,safe,False,idw_from_swmm_nodes,1.0,EPSG:4326,synthetic_pilot_network,"flood_depth_m is an IDW proxy from SWMM node depths, NOT measured road inundation depth."
road-,,normal,imerg-2015-11-28_normal,0.0,safe,False,idw_from_swmm_nodes,1.0,EPSG:4326,synthetic_pilot_network,"flood_depth_m is an IDW proxy from SWMM node depths, NOT measured road inundation depth."
road-,,normal,imerg-2015-11-28_normal,0.0,safe,False,idw_from_swmm_nodes,1.0,EPSG:4326,synthetic_pilot_network,"flood_depth_m is an IDW proxy from SWMM node depths, NOT measured road inundation depth."
road-,,normal,imerg-2015-11-28_normal,0.23,likely,False,idw_from_swmm_nodes,5.0,EPSG:4326,synthetic_pilot_network,"flood_depth_m is an IDW proxy from SWMM node depths, NOT measured road inundation depth."
road-,,normal,imerg-2015-11-28_normal,0.0,safe,False,idw_from_swmm_nodes,1.0,EPSG:4326,synthetic_pilot_network,"flood_depth_m is an IDW proxy from SWMM node depths, NOT measured road inundation depth."
road-,,normal,imerg-2015-11-28_normal,0.0,safe,False,idw_from_swmm_nodes,1.0,EPSG:4326,synthetic_pilot_network,"flood_depth_m is an IDW proxy from SWMM node depths, NOT measured road inundation depth."
road-,,normal,imerg-2015-11-28_normal,0.0,safe,False,idw_from_swmm_nodes,1.0,EPSG:4326,synthetic_pilot_network,"flood_depth_m is an IDW proxy from SWMM node depths, NOT measured road inundation depth."
road-,,normal,imerg-2015-11-28_normal,0.2504,likely,False,idw_from_swmm_nodes,5.0,EPSG:4326,synthetic_pilot_network,"flood_depth_m is an IDW proxy from SWMM node depths, NOT measured road inundation depth."
road-,,normal,imerg-2015-11-28_normal,0.0,safe,False,idw_from_swmm_nodes,1.0,EPSG:4326,synthetic_pilot_network,"flood_depth_m is an IDW proxy from SWMM node depths, NOT measured road inundation depth."
road-,,normal,imerg-2015-11-28_normal,0.0,safe,False,idw_from_swmm_nodes,1.0,EPSG:4326,synthetic_pilot_network,"flood_depth_m is an IDW proxy from SWMM node depths, NOT measured road inundation depth."
road-,,normal,imerg-2015-11-28_normal,0.0,safe,False,idw_from_swmm_nodes,1.0,EPSG:4326,synthetic_pilot_network,"flood_depth_m is an IDW proxy from SWMM node depths, NOT measured road inundation depth."
road-,,normal,imerg-2015-11-28_normal,0.0,safe,False,idw_from_swmm_nodes,1.0,EPSG:4326,synthetic_pilot_network,"flood_depth_m is an IDW proxy from SWMM node depths, NOT measured road inundation depth."
road-,,normal,imerg-2015-11-28_normal,0.0,safe,False,idw_from_swmm_nodes,1.0,EPSG:4326,synthetic_pilot_network,"flood_depth_m is an IDW proxy from SWMM node depths, NOT measured road inundation depth."
road-,,normal,imerg-2015-11-28_normal,0.2436,likely,False,idw_from_swmm_nodes,5.0,EPSG:4326,synthetic_pilot_network,"flood_depth_m is an IDW proxy from SWMM node depths, NOT measured road inundation depth."
road-,,reduced_capacity,imerg-2015-11-28_reduced_capacity,0.0,safe,False,idw_from_swmm_nodes,1.0,EPSG:4326,synthetic_pilot_network,"flood_depth_m is an IDW proxy from SWMM node depths, NOT measured road inundation depth."
road-,,reduced_capacity,imerg-2015-11-28_reduced_capacity,0.0,safe,False,idw_from_swmm_nodes,1.0,EPSG:4326,synthetic_pilot_network,"flood_depth_m is an IDW proxy from SWMM node depths, NOT measured road inundation depth."
road-,,reduced_capacity,imerg-2015-11-28_reduced_capacity,0.3095,likely,False,idw_from_swmm_nodes,5.0,EPSG:4326,synthetic_pilot_network,"flood_depth_m is an IDW proxy from SWMM node depths, NOT measured road inundation depth."
road-,,reduced_capacity,imerg-2015-11-28_reduced_capacity,0.0,safe,False,idw_from_swmm_nodes,1.0,EPSG:4326,synthetic_pilot_network,"flood_depth_m is an IDW proxy from SWMM node depths, NOT measured road inundation depth."
road-,,reduced_capacity,imerg-2015-11-28_reduced_capacity,0.0,safe,False,idw_from_swmm_nodes,1.0,EPSG:4326,synthetic_pilot_network,"flood_depth_m is an IDW proxy from SWMM node depths, NOT measured road inundation depth."
road-,,reduced_capacity,imerg-2015-11-28_reduced_capacity,0.0,safe,False,idw_from_swmm_nodes,1.0,EPSG:4326,synthetic_pilot_network,"flood_depth_m is an IDW proxy from SWMM node depths, NOT measured road inundation depth."
road-,,reduced_capacity,imerg-2015-11-28_reduced_capacity,0.0,safe,False,idw_from_swmm_nodes,1.0,EPSG:4326,synthetic_pilot_network,"flood_depth_m is an IDW proxy from SWMM node depths, NOT measured road inundation depth."
road-,,reduced_capacity,imerg-2015-11-28_reduced_capacity,0.0,safe,False,idw_from_swmm_nodes,1.0,EPSG:4326,synthetic_pilot_network,"flood_depth_m is an IDW proxy from SWMM node depths, NOT measured road inundation depth."
road-,,reduced_capacity,imerg-2015-11-28_reduced_capacity,0.0,safe,False,idw_from_swmm_nodes,1.0,EPSG:4326,synthetic_pilot_network,"flood_depth_m is an IDW proxy from SWMM node depths, NOT measured road inundation depth."
road-,,reduced_capacity,imerg-2015-11-28_reduced_capacity,0.0,safe,False,idw_from_swmm_nodes,1.0,EPSG:4326,synthetic_pilot_network,"flood_depth_m is an IDW proxy from SWMM node depths, NOT measured road inundation depth."
road-,,reduced_capacity,imerg-2015-11-28_reduced_capacity,0.0,safe,False,idw_from_swmm_nodes,1.0,EPSG:4326,synthetic_pilot_network,"flood_depth_m is an IDW proxy from SWMM node depths, NOT measured road inundation depth."
road-,,reduced_capacity,imerg-2015-11-28_reduced_capacity,0.3106,likely,False,idw_from_swmm_nodes,5.0,EPSG:4326,synthetic_pilot_network,"flood_depth_m is an IDW proxy from SWMM node depths, NOT measured road inundation depth."
road-,,reduced_capacity,imerg-2015-11-28_reduced_capacity,0.0,safe,False,idw_from_swmm_nodes,1.0,EPSG:4326,synthetic_pilot_network,"flood_depth_m is an IDW proxy from SWMM node depths, NOT measured road inundation depth."
road-,,reduced_capacity,imerg-2015-11-28_reduced_capacity,0.3114,likely,False,idw_from_swmm_nodes,5.0,EPSG:4326,synthetic_pilot_network,"flood_depth_m is an IDW proxy from SWMM node depths, NOT measured road inundation depth."
road-,,reduced_capacity,imerg-2015-11-28_reduced_capacity,0.0,safe,False,idw_from_swmm_nodes,1.0,EPSG:4326,synthetic_pilot_network,"flood_depth_m is an IDW proxy from SWMM node depths, NOT measured road inundation depth."
road-,,reduced_capacity,imerg-2015-11-28_reduced_capacity,0.0,safe,False,idw_from_swmm_nodes,1.0,EPSG:4326,synthetic_pilot_network,"flood_depth_m is an IDW proxy from SWMM node depths, NOT measured road inundation depth."
road-,,reduced_capacity,imerg-2015-11-28_reduced_capacity,0.0,safe,False,idw_from_swmm_nodes,1.0,EPSG:4326,synthetic_pilot_network,"flood_depth_m is an IDW proxy from SWMM node depths, NOT measured road inundation depth."
road-,,reduced_capacity,imerg-2015-11-28_reduced_capacity,0.0,safe,False,idw_from_swmm_nodes,1.0,EPSG:4326,synthetic_pilot_network,"flood_depth_m is an IDW proxy from SWMM node depths, NOT measured road inundation depth."
road-,,reduced_capacity,imerg-2015-11-28_reduced_capacity,0.0,safe,False,idw_from_swmm_nodes,1.0,EPSG:4326,synthetic_pilot_network,"flood_depth_m is an IDW proxy from SWMM node depths, NOT measured road inundation depth."
road-,,reduced_capacity,imerg-2015-11-28_reduced_capacity,0.0,safe,False,idw_from_swmm_nodes,1.0,EPSG:4326,synthetic_pilot_network,"flood_depth_m is an IDW proxy from SWMM node depths, NOT measured road inundation depth."
road-,,reduced_capacity,imerg-2015-11-28_reduced_capacity,0.0,safe,False,idw_from_swmm_nodes,1.0,EPSG:4326,synthetic_pilot_network,"flood_depth_m is an IDW proxy from SWMM node depths, NOT measured road inundation depth."
road-,,reduced_capacity,imerg-2015-11-28_reduced_capacity,0.3117,likely,False,idw_from_swmm_nodes,5.0,EPSG:4326,synthetic_pilot_network,"flood_depth_m is an IDW proxy from SWMM node depths, NOT measured road inundation depth."
road-,,reduced_capacity,imerg-2015-11-28_reduced_capacity,0.0,safe,False,idw_from_swmm_nodes,1.0,EPSG:4326,synthetic_pilot_network,"flood_depth_m is an IDW proxy from SWMM node depths, NOT measured road inundation depth."
road-,,reduced_capacity,imerg-2015-11-28_reduced_capacity,0.0,safe,False,idw_from_swmm_nodes,1.0,EPSG:4326,synthetic_pilot_network,"flood_depth_m is an IDW proxy from SWMM node depths, NOT measured road inundation depth."
road-,,reduced_capacity,imerg-2015-11-28_reduced_capacity,0.0,safe,False,idw_from_swmm_nodes,1.0,EPSG:4326,synthetic_pilot_network,"flood_depth_m is an IDW proxy from SWMM node depths, NOT measured road inundation depth."
road-,,reduced_capacity,imerg-2015-11-28_reduced_capacity,0.0,safe,False,idw_from_swmm_nodes,1.0,EPSG:4326,synthetic_pilot_network,"flood_depth_m is an IDW proxy from SWMM node depths, NOT measured road inundation depth."
road-,,reduced_capacity,imerg-2015-11-28_reduced_capacity,0.0,safe,False,idw_from_swmm_nodes,1.0,EPSG:4326,synthetic_pilot_network,"flood_depth_m is an IDW proxy from SWMM node depths, NOT measured road inundation depth."
road-,,reduced_capacity,imerg-2015-11-28_reduced_capacity,0.0,safe,False,idw_from_swmm_nodes,1.0,EPSG:4326,synthetic_pilot_network,"flood_depth_m is an IDW proxy from SWMM node depths, NOT measured road inundation depth."
road-,,reduced_capacity,imerg-2015-11-28_reduced_capacity,0.0,safe,False,idw_from_swmm_nodes,1.0,EPSG:4326,synthetic_pilot_network,"flood_depth_m is an IDW proxy from SWMM node depths, NOT measured road inundation depth."
road-,,reduced_capacity,imerg-2015-11-28_reduced_capacity,0.0,safe,False,idw_from_swmm_nodes,1.0,EPSG:4326,synthetic_pilot_network,"flood_depth_m is an IDW proxy from SWMM node depths, NOT measured road inundation depth."
road-,,reduced_capacity,imerg-2015-11-28_reduced_capacity,0.0,safe,False,idw_from_swmm_nodes,1.0,EPSG:4326,synthetic_pilot_network,"flood_depth_m is an IDW proxy from SWMM node depths, NOT measured road inundation depth."
road-,,reduced_capacity,imerg-2015-11-28_reduced_capacity,0.0,safe,False,idw_from_swmm_nodes,1.0,EPSG:4326,synthetic_pilot_network,"flood_depth_m is an IDW proxy from SWMM node depths, NOT measured road inundation depth."
road-,,reduced_capacity,imerg-2015-11-28_reduced_capacity,0.3176,likely,False,idw_from_swmm_nodes,5.0,EPSG:4326,synthetic_pilot_network,"flood_depth_m is an IDW proxy from SWMM node depths, NOT measured road inundation depth."
road-,,reduced_capacity,imerg-2015-11-28_reduced_capacity,0.0,safe,False,idw_from_swmm_nodes,1.0,EPSG:4326,synthetic_pilot_network,"flood_depth_m is an IDW proxy from SWMM node depths, NOT measured road inundation depth."
road-,,reduced_capacity,imerg-2015-11-28_reduced_capacity,0.3077,likely,False,idw_from_swmm_nodes,5.0,EPSG:4326,synthetic_pilot_network,"flood_depth_m is an IDW proxy from SWMM node depths, NOT measured road inundation depth."
road-,,reduced_capacity,imerg-2015-11-28_reduced_capacity,0.0,safe,False,idw_from_swmm_nodes,1.0,EPSG:4326,synthetic_pilot_network,"flood_depth_m is an IDW proxy from SWMM node depths, NOT measured road inundation depth."
road-,,reduced_capacity,imerg-2015-11-28_reduced_capacity,0.0,safe,False,idw_from_swmm_nodes,1.0,EPSG:4326,synthetic_pilot_network,"flood_depth_m is an IDW proxy from SWMM node depths, NOT measured road inundation depth."
road-,,reduced_capacity,imerg-2015-11-28_reduced_capacity,0.0,safe,False,idw_from_swmm_nodes,1.0,EPSG:4326,synthetic_pilot_network,"flood_depth_m is an IDW proxy from SWMM node depths, NOT measured road inundation depth."
road-,,reduced_capacity,imerg-2015-11-28_reduced_capacity,0.0,safe,False,idw_from_swmm_nodes,1.0,EPSG:4326,synthetic_pilot_network,"flood_depth_m is an IDW proxy from SWMM node depths, NOT measured road inundation depth."
road-,,reduced_capacity,imerg-2015-11-28_reduced_capacity,0.0,safe,False,idw_from_swmm_nodes,1.0,EPSG:4326,synthetic_pilot_network,"flood_depth_m is an IDW proxy from SWMM node depths, NOT measured road inundation depth."
road-,,reduced_capacity,imerg-2015-11-28_reduced_capacity,0.0,safe,False,idw_from_swmm_nodes,1.0,EPSG:4326,synthetic_pilot_network,"flood_depth_m is an IDW proxy from SWMM node depths, NOT measured road inundation depth."
road-,,reduced_capacity,imerg-2015-11-28_reduced_capacity,0.0,safe,False,idw_from_swmm_nodes,1.0,EPSG:4326,synthetic_pilot_network,"flood_depth_m is an IDW proxy from SWMM node depths, NOT measured road inundation depth."
road-,,reduced_capacity,imerg-2015-11-28_reduced_capacity,0.3056,likely,False,idw_from_swmm_nodes,5.0,EPSG:4326,synthetic_pilot_network,"flood_depth_m is an IDW proxy from SWMM node depths, NOT measured road inundation depth."
road-,,reduced_capacity,imerg-2015-11-28_reduced_capacity,0.0,safe,False,idw_from_swmm_nodes,1.0,EPSG:4326,synthetic_pilot_network,"flood_depth_m is an IDW proxy from SWMM node depths, NOT measured road inundation depth."
road-,,reduced_capacity,imerg-2015-11-28_reduced_capacity,0.0,safe,False,idw_from_swmm_nodes,1.0,EPSG:4326,synthetic_pilot_network,"flood_depth_m is an IDW proxy from SWMM node depths, NOT measured road inundation depth."
road-,,reduced_capacity,imerg-2015-11-28_reduced_capacity,0.0,safe,False,idw_from_swmm_nodes,1.0,EPSG:4326,synthetic_pilot_network,"flood_depth_m is an IDW proxy from SWMM node depths, NOT measured road inundation depth."
road-,,reduced_capacity,imerg-2015-11-28_reduced_capacity,0.0,safe,False,idw_from_swmm_nodes,1.0,EPSG:4326,synthetic_pilot_network,"flood_depth_m is an IDW proxy from SWMM node depths, NOT measured road inundation depth."
road-,,reduced_capacity,imerg-2015-11-28_reduced_capacity,0.0,safe,False,idw_from_swmm_nodes,1.0,EPSG:4326,synthetic_pilot_network,"flood_depth_m is an IDW proxy from SWMM node depths, NOT measured road inundation depth."
road-,,reduced_capacity,imerg-2015-11-28_reduced_capacity,0.0,safe,False,idw_from_swmm_nodes,1.0,EPSG:4326,synthetic_pilot_network,"flood_depth_m is an IDW proxy from SWMM node depths, NOT measured road inundation depth."
road-,,reduced_capacity,imerg-2015-11-28_reduced_capacity,0.0,safe,False,idw_from_swmm_nodes,1.0,EPSG:4326,synthetic_pilot_network,"flood_depth_m is an IDW proxy from SWMM node depths, NOT measured road inundation depth."
road-,,reduced_capacity,imerg-2015-11-28_reduced_capacity,0.0,safe,False,idw_from_swmm_nodes,1.0,EPSG:4326,synthetic_pilot_network,"flood_depth_m is an IDW proxy from SWMM node depths, NOT measured road inundation depth."
road-,,reduced_capacity,imerg-2015-11-28_reduced_capacity,0.3168,likely,False,idw_from_swmm_nodes,5.0,EPSG:4326,synthetic_pilot_network,"flood_depth_m is an IDW proxy from SWMM node depths, NOT measured road inundation depth."
road-,,reduced_capacity,imerg-2015-11-28_reduced_capacity,0.0,safe,False,idw_from_swmm_nodes,1.0,EPSG:4326,synthetic_pilot_network,"flood_depth_m is an IDW proxy from SWMM node depths, NOT measured road inundation depth."
road-,,reduced_capacity,imerg-2015-11-28_reduced_capacity,0.3083,likely,False,idw_from_swmm_nodes,5.0,EPSG:4326,synthetic_pilot_network,"flood_depth_m is an IDW proxy from SWMM node depths, NOT measured road inundation depth."
road-,,reduced_capacity,imerg-2015-11-28_reduced_capacity,0.0,safe,False,idw_from_swmm_nodes,1.0,EPSG:4326,synthetic_pilot_network,"flood_depth_m is an IDW proxy from SWMM node depths, NOT measured road inundation depth."
road-,,reduced_capacity,imerg-2015-11-28_reduced_capacity,0.0,safe,False,idw_from_swmm_nodes,1.0,EPSG:4326,synthetic_pilot_network,"flood_depth_m is an IDW proxy from SWMM node depths, NOT measured road inundation depth."
road-,,reduced_capacity,imerg-2015-11-28_reduced_capacity,0.0,safe,False,idw_from_swmm_nodes,1.0,EPSG:4326,synthetic_pilot_network,"flood_depth_m is an IDW proxy from SWMM node depths, NOT measured road inundation depth."
road-,,reduced_capacity,imerg-2015-11-28_reduced_capacity,0.3143,likely,False,idw_from_swmm_nodes,5.0,EPSG:4326,synthetic_pilot_network,"flood_depth_m is an IDW proxy from SWMM node depths, NOT measured road inundation depth."
road-,,reduced_capacity,imerg-2015-11-28_reduced_capacity,0.0,safe,False,idw_from_swmm_nodes,1.0,EPSG:4326,synthetic_pilot_network,"flood_depth_m is an IDW proxy from SWMM node depths, NOT measured road inundation depth."
road-,,reduced_capacity,imerg-2015-11-28_reduced_capacity,0.3181,likely,False,idw_from_swmm_nodes,5.0,EPSG:4326,synthetic_pilot_network,"flood_depth_m is an IDW proxy from SWMM node depths, NOT measured road inundation depth."
road-,,reduced_capacity,imerg-2015-11-28_reduced_capacity,0.36,likely,False,idw_from_swmm_nodes,5.0,EPSG:4326,synthetic_pilot_network,"flood_depth_m is an IDW proxy from SWMM node depths, NOT measured road inundation depth."
road-,,reduced_capacity,imerg-2015-11-28_reduced_capacity,0.0,safe,False,idw_from_swmm_nodes,1.0,EPSG:4326,synthetic_pilot_network,"flood_depth_m is an IDW proxy from SWMM node depths, NOT measured road inundation depth."
road-,,reduced_capacity,imerg-2015-11-28_reduced_capacity,0.0,safe,False,idw_from_swmm_nodes,1.0,EPSG:4326,synthetic_pilot_network,"flood_depth_m is an IDW proxy from SWMM node depths, NOT measured road inundation depth."
road-,,reduced_capacity,imerg-2015-11-28_reduced_capacity,0.0,safe,False,idw_from_swmm_nodes,1.0,EPSG:4326,synthetic_pilot_network,"flood_depth_m is an IDW proxy from SWMM node depths, NOT measured road inundation depth."
road-,,reduced_capacity,imerg-2015-11-28_reduced_capacity,0.0,safe,False,idw_from_swmm_nodes,1.0,EPSG:4326,synthetic_pilot_network,"flood_depth_m is an IDW proxy from SWMM node depths, NOT measured road inundation depth."
road-,,reduced_capacity,imerg-2015-11-28_reduced_capacity,0.0,safe,False,idw_from_swmm_nodes,1.0,EPSG:4326,synthetic_pilot_network,"flood_depth_m is an IDW proxy from SWMM node depths, NOT measured road inundation depth."
road-,,reduced_capacity,imerg-2015-11-28_reduced_capacity,0.0,safe,False,idw_from_swmm_nodes,1.0,EPSG:4326,synthetic_pilot_network,"flood_depth_m is an IDW proxy from SWMM node depths, NOT measured road inundation depth."
road-,,reduced_capacity,imerg-2015-11-28_reduced_capacity,0.3091,likely,False,idw_from_swmm_nodes,5.0,EPSG:4326,synthetic_pilot_network,"flood_depth_m is an IDW proxy from SWMM node depths, NOT measured road inundation depth."
road-,,reduced_capacity,imerg-2015-11-28_reduced_capacity,0.0,safe,False,idw_from_swmm_nodes,1.0,EPSG:4326,synthetic_pilot_network,"flood_depth_m is an IDW proxy from SWMM node depths, NOT measured road inundation depth."
road-,,reduced_capacity,imerg-2015-11-28_reduced_capacity,0.0,safe,False,idw_from_swmm_nodes,1.0,EPSG:4326,synthetic_pilot_network,"flood_depth_m is an IDW proxy from SWMM node depths, NOT measured road inundation depth."
road-,,reduced_capacity,imerg-2015-11-28_reduced_capacity,0.0,safe,False,idw_from_swmm_nodes,1.0,EPSG:4326,synthetic_pilot_network,"flood_depth_m is an IDW proxy from SWMM node depths, NOT measured road inundation depth."
road-,,reduced_capacity,imerg-2015-11-28_reduced_capacity,0.0,safe,False,idw_from_swmm_nodes,1.0,EPSG:4326,synthetic_pilot_network,"flood_depth_m is an IDW proxy from SWMM node depths, NOT measured road inundation depth."
road-,,reduced_capacity,imerg-2015-11-28_reduced_capacity,0.0,safe,False,idw_from_swmm_nodes,1.0,EPSG:4326,synthetic_pilot_network,"flood_depth_m is an IDW proxy from SWMM node depths, NOT measured road inundation depth."
road-,,reduced_capacity,imerg-2015-11-28_reduced_capacity,0.0,safe,False,idw_from_swmm_nodes,1.0,EPSG:4326,synthetic_pilot_network,"flood_depth_m is an IDW proxy from SWMM node depths, NOT measured road inundation depth."
road-,,reduced_capacity,imerg-2015-11-28_reduced_capacity,0.0,safe,False,idw_from_swmm_nodes,1.0,EPSG:4326,synthetic_pilot_network,"flood_depth_m is an IDW proxy from SWMM node depths, NOT measured road inundation depth."
road-,,reduced_capacity,imerg-2015-11-28_reduced_capacity,0.0,safe,False,idw_from_swmm_nodes,1.0,EPSG:4326,synthetic_pilot_network,"flood_depth_m is an IDW proxy from SWMM node depths, NOT measured road inundation depth."
road-,,reduced_capacity,imerg-2015-11-28_reduced_capacity,0.3138,likely,False,idw_from_swmm_nodes,5.0,EPSG:4326,synthetic_pilot_network,"flood_depth_m is an IDW proxy from SWMM node depths, NOT measured road inundation depth."
road-,,reduced_capacity,imerg-2015-11-28_reduced_capacity,0.0,safe,False,idw_from_swmm_nodes,1.0,EPSG:4326,synthetic_pilot_network,"flood_depth_m is an IDW proxy from SWMM node depths, NOT measured road inundation depth."
road-,,reduced_capacity,imerg-2015-11-28_reduced_capacity,0.0,safe,False,idw_from_swmm_nodes,1.0,EPSG:4326,synthetic_pilot_network,"flood_depth_m is an IDW proxy from SWMM node depths, NOT measured road inundation depth."
road-,,reduced_capacity,imerg-2015-11-28_reduced_capacity,0.0,safe,False,idw_from_swmm_nodes,1.0,EPSG:4326,synthetic_pilot_network,"flood_depth_m is an IDW proxy from SWMM node depths, NOT measured road inundation depth."
road-,,reduced_capacity,imerg-2015-11-28_reduced_capacity,0.0,safe,False,idw_from_swmm_nodes,1.0,EPSG:4326,synthetic_pilot_network,"flood_depth_m is an IDW proxy from SWMM node depths, NOT measured road inundation depth."
road-,,reduced_capacity,imerg-2015-11-28_reduced_capacity,0.0,safe,False,idw_from_swmm_nodes,1.0,EPSG:4326,synthetic_pilot_network,"flood_depth_m is an IDW proxy from SWMM node depths, NOT measured road inundation depth."
road-,,reduced_capacity,imerg-2015-11-28_reduced_capacity,0.0,safe,False,idw_from_swmm_nodes,1.0,EPSG:4326,synthetic_pilot_network,"flood_depth_m is an IDW proxy from SWMM node depths, NOT measured road inundation depth."
road-,,reduced_capacity,imerg-2015-11-28_reduced_capacity,0.0,safe,False,idw_from_swmm_nodes,1.0,EPSG:4326,synthetic_pilot_network,"flood_depth_m is an IDW proxy from SWMM node depths, NOT measured road inundation depth."
road-,,reduced_capacity,imerg-2015-11-28_reduced_capacity,0.0,safe,False,idw_from_swmm_nodes,1.0,EPSG:4326,synthetic_pilot_network,"flood_depth_m is an IDW proxy from SWMM node depths, NOT measured road inundation depth."
road-,,reduced_capacity,imerg-2015-11-28_reduced_capacity,0.0,safe,False,idw_from_swmm_nodes,1.0,EPSG:4326,synthetic_pilot_network,"flood_depth_m is an IDW proxy from SWMM node depths, NOT measured road inundation depth."
road-,,reduced_capacity,imerg-2015-11-28_reduced_capacity,0.3133,likely,False,idw_from_swmm_nodes,5.0,EPSG:4326,synthetic_pilot_network,"flood_depth_m is an IDW proxy from SWMM node depths, NOT measured road inundation depth."
road-,,reduced_capacity,imerg-2015-11-28_reduced_capacity,0.0,safe,False,idw_from_swmm_nodes,1.0,EPSG:4326,synthetic_pilot_network,"flood_depth_m is an IDW proxy from SWMM node depths, NOT measured road inundation depth."
road-,,reduced_capacity,imerg-2015-11-28_reduced_capacity,0.0,safe,False,idw_from_swmm_nodes,1.0,EPSG:4326,synthetic_pilot_network,"flood_depth_m is an IDW proxy from SWMM node depths, NOT measured road inundation depth."
road-,,reduced_capacity,imerg-2015-11-28_reduced_capacity,0.0,safe,False,idw_from_swmm_nodes,1.0,EPSG:4326,synthetic_pilot_network,"flood_depth_m is an IDW proxy from SWMM node depths, NOT measured road inundation depth."
road-,,reduced_capacity,imerg-2015-11-28_reduced_capacity,0.0,safe,False,idw_from_swmm_nodes,1.0,EPSG:4326,synthetic_pilot_network,"flood_depth_m is an IDW proxy from SWMM node depths, NOT measured road inundation depth."
road-,,reduced_capacity,imerg-2015-11-28_reduced_capacity,0.0,safe,False,idw_from_swmm_nodes,1.0,EPSG:4326,synthetic_pilot_network,"flood_depth_m is an IDW proxy from SWMM node depths, NOT measured road inundation depth."
road-,,reduced_capacity,imerg-2015-11-28_reduced_capacity,0.0,safe,False,idw_from_swmm_nodes,1.0,EPSG:4326,synthetic_pilot_network,"flood_depth_m is an IDW proxy from SWMM node depths, NOT measured road inundation depth."
road-,,reduced_capacity,imerg-2015-11-28_reduced_capacity,0.0,safe,False,idw_from_swmm_nodes,1.0,EPSG:4326,synthetic_pilot_network,"flood_depth_m is an IDW proxy from SWMM node depths, NOT measured road inundation depth."
road-,,reduced_capacity,imerg-2015-11-28_reduced_capacity,0.0,safe,False,idw_from_swmm_nodes,1.0,EPSG:4326,synthetic_pilot_network,"flood_depth_m is an IDW proxy from SWMM node depths, NOT measured road inundation depth."
road-,,reduced_capacity,imerg-2015-11-28_reduced_capacity,0.0,safe,False,idw_from_swmm_nodes,1.0,EPSG:4326,synthetic_pilot_network,"flood_depth_m is an IDW proxy from SWMM node depths, NOT measured road inundation depth."
road-,,reduced_capacity,imerg-2015-11-28_reduced_capacity,0.0,safe,False,idw_from_swmm_nodes,1.0,EPSG:4326,synthetic_pilot_network,"flood_depth_m is an IDW proxy from SWMM node depths, NOT measured road inundation depth."
road-,,reduced_capacity,imerg-2015-11-28_reduced_capacity,0.0,safe,False,idw_from_swmm_nodes,1.0,EPSG:4326,synthetic_pilot_network,"flood_depth_m is an IDW proxy from SWMM node depths, NOT measured road inundation depth."
road-,,reduced_capacity,imerg-2015-11-28_reduced_capacity,0.0,safe,False,idw_from_swmm_nodes,1.0,EPSG:4326,synthetic_pilot_network,"flood_depth_m is an IDW proxy from SWMM node depths, NOT measured road inundation depth."
road-,,reduced_capacity,imerg-2015-11-28_reduced_capacity,0.0,safe,False,idw_from_swmm_nodes,1.0,EPSG:4326,synthetic_pilot_network,"flood_depth_m is an IDW proxy from SWMM node depths, NOT measured road inundation depth."
road-,,reduced_capacity,imerg-2015-11-28_reduced_capacity,0.0,safe,False,idw_from_swmm_nodes,1.0,EPSG:4326,synthetic_pilot_network,"flood_depth_m is an IDW proxy from SWMM node depths, NOT measured road inundation depth."
road-,,reduced_capacity,imerg-2015-11-28_reduced_capacity,0.3191,likely,False,idw_from_swmm_nodes,5.0,EPSG:4326,synthetic_pilot_network,"flood_depth_m is an IDW proxy from SWMM node depths, NOT measured road inundation depth."
road-,,reduced_capacity,imerg-2015-11-28_reduced_capacity,0.2998,likely,False,idw_from_swmm_nodes,5.0,EPSG:4326,synthetic_pilot_network,"flood_depth_m is an IDW proxy from SWMM node depths, NOT measured road inundation depth."
road-,,reduced_capacity,imerg-2015-11-28_reduced_capacity,0.0,safe,False,idw_from_swmm_nodes,1.0,EPSG:4326,synthetic_pilot_network,"flood_depth_m is an IDW proxy from SWMM node depths, NOT measured road inundation depth."
road-,,reduced_capacity,imerg-2015-11-28_reduced_capacity,0.0,safe,False,idw_from_swmm_nodes,1.0,EPSG:4326,synthetic_pilot_network,"flood_depth_m is an IDW proxy from SWMM node depths, NOT measured road inundation depth."
road-,,reduced_capacity,imerg-2015-11-28_reduced_capacity,0.0,safe,False,idw_from_swmm_nodes,1.0,EPSG:4326,synthetic_pilot_network,"flood_depth_m is an IDW proxy from SWMM node depths, NOT measured road inundation depth."
road-,,reduced_capacity,imerg-2015-11-28_reduced_capacity,0.0,safe,False,idw_from_swmm_nodes,1.0,EPSG:4326,synthetic_pilot_network,"flood_depth_m is an IDW proxy from SWMM node depths, NOT measured road inundation depth."
road-,,reduced_capacity,imerg-2015-11-28_reduced_capacity,0.0,safe,False,idw_from_swmm_nodes,1.0,EPSG:4326,synthetic_pilot_network,"flood_depth_m is an IDW proxy from SWMM node depths, NOT measured road inundation depth."
road-,,reduced_capacity,imerg-2015-11-28_reduced_capacity,0.0,safe,False,idw_from_swmm_nodes,1.0,EPSG:4326,synthetic_pilot_network,"flood_depth_m is an IDW proxy from SWMM node depths, NOT measured road inundation depth."
road-,,reduced_capacity,imerg-2015-11-28_reduced_capacity,0.0,safe,False,idw_from_swmm_nodes,1.0,EPSG:4326,synthetic_pilot_network,"flood_depth_m is an IDW proxy from SWMM node depths, NOT measured road inundation depth."
road-,,reduced_capacity,imerg-2015-11-28_reduced_capacity,0.0,safe,False,idw_from_swmm_nodes,1.0,EPSG:4326,synthetic_pilot_network,"flood_depth_m is an IDW proxy from SWMM node depths, NOT measured road inundation depth."
road-,,reduced_capacity,imerg-2015-11-28_reduced_capacity,0.0,safe,False,idw_from_swmm_nodes,1.0,EPSG:4326,synthetic_pilot_network,"flood_depth_m is an IDW proxy from SWMM node depths, NOT measured road inundation depth."
road-,,reduced_capacity,imerg-2015-11-28_reduced_capacity,0.0,safe,False,idw_from_swmm_nodes,1.0,EPSG:4326,synthetic_pilot_network,"flood_depth_m is an IDW proxy from SWMM node depths, NOT measured road inundation depth."
road-,,reduced_capacity,imerg-2015-11-28_reduced_capacity,0.3081,likely,False,idw_from_swmm_nodes,5.0,EPSG:4326,synthetic_pilot_network,"flood_depth_m is an IDW proxy from SWMM node depths, NOT measured road inundation depth."
road-,,reduced_capacity,imerg-2015-11-28_reduced_capacity,0.0,safe,False,idw_from_swmm_nodes,1.0,EPSG:4326,synthetic_pilot_network,"flood_depth_m is an IDW proxy from SWMM node depths, NOT measured road inundation depth."
road-,,reduced_capacity,imerg-2015-11-28_reduced_capacity,0.0,safe,False,idw_from_swmm_nodes,1.0,EPSG:4326,synthetic_pilot_network,"flood_depth_m is an IDW proxy from SWMM node depths, NOT measured road inundation depth."
road-,,reduced_capacity,imerg-2015-11-28_reduced_capacity,0.0,safe,False,idw_from_swmm_nodes,1.0,EPSG:4326,synthetic_pilot_network,"flood_depth_m is an IDW proxy from SWMM node depths, NOT measured road inundation depth."
road-,,reduced_capacity,imerg-2015-11-28_reduced_capacity,0.315,likely,False,idw_from_swmm_nodes,5.0,EPSG:4326,synthetic_pilot_network,"flood_depth_m is an IDW proxy from SWMM node depths, NOT measured road inundation depth."
road-,,reduced_capacity,imerg-2015-11-28_reduced_capacity,0.0,safe,False,idw_from_swmm_nodes,1.0,EPSG:4326,synthetic_pilot_network,"flood_depth_m is an IDW proxy from SWMM node depths, NOT measured road inundation depth."
road-,,reduced_capacity,imerg-2015-11-28_reduced_capacity,0.0,safe,False,idw_from_swmm_nodes,1.0,EPSG:4326,synthetic_pilot_network,"flood_depth_m is an IDW proxy from SWMM node depths, NOT measured road inundation depth."
road-,,reduced_capacity,imerg-2015-11-28_reduced_capacity,0.3171,likely,False,idw_from_swmm_nodes,5.0,EPSG:4326,synthetic_pilot_network,"flood_depth_m is an IDW proxy from SWMM node depths, NOT measured road inundation depth."
road-,,reduced_capacity,imerg-2015-11-28_reduced_capacity,0.0,safe,False,idw_from_swmm_nodes,1.0,EPSG:4326,synthetic_pilot_network,"flood_depth_m is an IDW proxy from SWMM node depths, NOT measured road inundation depth."
road-,,reduced_capacity,imerg-2015-11-28_reduced_capacity,0.0,safe,False,idw_from_swmm_nodes,1.0,EPSG:4326,synthetic_pilot_network,"flood_depth_m is an IDW proxy from SWMM node depths, NOT measured road inundation depth."
road-,,reduced_capacity,imerg-2015-11-28_reduced_capacity,0.0,safe,False,idw_from_swmm_nodes,1.0,EPSG:4326,synthetic_pilot_network,"flood_depth_m is an IDW proxy from SWMM node depths, NOT measured road inundation depth."
road-,,reduced_capacity,imerg-2015-11-28_reduced_capacity,0.0,safe,False,idw_from_swmm_nodes,1.0,EPSG:4326,synthetic_pilot_network,"flood_depth_m is an IDW proxy from SWMM node depths, NOT measured road inundation depth."
road-,,reduced_capacity,imerg-2015-11-28_reduced_capacity,0.0,safe,False,idw_from_swmm_nodes,1.0,EPSG:4326,synthetic_pilot_network,"flood_depth_m is an IDW proxy from SWMM node depths, NOT measured road inundation depth."
road-,,reduced_capacity,imerg-2015-11-28_reduced_capacity,0.0,safe,False,idw_from_swmm_nodes,1.0,EPSG:4326,synthetic_pilot_network,"flood_depth_m is an IDW proxy from SWMM node depths, NOT measured road inundation depth."
road-,,reduced_capacity,imerg-2015-11-28_reduced_capacity,0.0,safe,False,idw_from_swmm_nodes,1.0,EPSG:4326,synthetic_pilot_network,"flood_depth_m is an IDW proxy from SWMM node depths, NOT measured road inundation depth."
road-,,reduced_capacity,imerg-2015-11-28_reduced_capacity,0.0,safe,False,idw_from_swmm_nodes,1.0,EPSG:4326,synthetic_pilot_network,"flood_depth_m is an IDW proxy from SWMM node depths, NOT measured road inundation depth."
road-,,reduced_capacity,imerg-2015-11-28_reduced_capacity,0.0,safe,False,idw_from_swmm_nodes,1.0,EPSG:4326,synthetic_pilot_network,"flood_depth_m is an IDW proxy from SWMM node depths, NOT measured road inundation depth."
road-,,reduced_capacity,imerg-2015-11-28_reduced_capacity,0.0,safe,False,idw_from_swmm_nodes,1.0,EPSG:4326,synthetic_pilot_network,"flood_depth_m is an IDW proxy from SWMM node depths, NOT measured road inundation depth."
road-,,reduced_capacity,imerg-2015-11-28_reduced_capacity,0.0,safe,False,idw_from_swmm_nodes,1.0,EPSG:4326,synthetic_pilot_network,"flood_depth_m is an IDW proxy from SWMM node depths, NOT measured road inundation depth."
road-,,reduced_capacity,imerg-2015-11-28_reduced_capacity,0.0,safe,False,idw_from_swmm_nodes,1.0,EPSG:4326,synthetic_pilot_network,"flood_depth_m is an IDW proxy from SWMM node depths, NOT measured road inundation depth."
road-,,reduced_capacity,imerg-2015-11-28_reduced_capacity,0.0,safe,False,idw_from_swmm_nodes,1.0,EPSG:4326,synthetic_pilot_network,"flood_depth_m is an IDW proxy from SWMM node depths, NOT measured road inundation depth."
road-,,reduced_capacity,imerg-2015-11-28_reduced_capacity,0.0,safe,False,idw_from_swmm_nodes,1.0,EPSG:4326,synthetic_pilot_network,"flood_depth_m is an IDW proxy from SWMM node depths, NOT measured road inundation depth."
road-,,reduced_capacity,imerg-2015-11-28_reduced_capacity,0.3156,likely,False,idw_from_swmm_nodes,5.0,EPSG:4326,synthetic_pilot_network,"flood_depth_m is an IDW proxy from SWMM node depths, NOT measured road inundation depth."
road-,,reduced_capacity,imerg-2015-11-28_reduced_capacity,0.0,safe,False,idw_from_swmm_nodes,1.0,EPSG:4326,synthetic_pilot_network,"flood_depth_m is an IDW proxy from SWMM node depths, NOT measured road inundation depth."
road-,,reduced_capacity,imerg-2015-11-28_reduced_capacity,0.0,safe,False,idw_from_swmm_nodes,1.0,EPSG:4326,synthetic_pilot_network,"flood_depth_m is an IDW proxy from SWMM node depths, NOT measured road inundation depth."
road-,,reduced_capacity,imerg-2015-11-28_reduced_capacity,0.0,safe,False,idw_from_swmm_nodes,1.0,EPSG:4326,synthetic_pilot_network,"flood_depth_m is an IDW proxy from SWMM node depths, NOT measured road inundation depth."
road-,,reduced_capacity,imerg-2015-11-28_reduced_capacity,0.0,safe,False,idw_from_swmm_nodes,1.0,EPSG:4326,synthetic_pilot_network,"flood_depth_m is an IDW proxy from SWMM node depths, NOT measured road inundation depth."
road-,,reduced_capacity,imerg-2015-11-28_reduced_capacity,0.0,safe,False,idw_from_swmm_nodes,1.0,EPSG:4326,synthetic_pilot_network,"flood_depth_m is an IDW proxy from SWMM node depths, NOT measured road inundation depth."
road-,,reduced_capacity,imerg-2015-11-28_reduced_capacity,0.0,safe,False,idw_from_swmm_nodes,1.0,EPSG:4326,synthetic_pilot_network,"flood_depth_m is an IDW proxy from SWMM node depths, NOT measured road inundation depth."
road-,,reduced_capacity,imerg-2015-11-28_reduced_capacity,0.0,safe,False,idw_from_swmm_nodes,1.0,EPSG:4326,synthetic_pilot_network,"flood_depth_m is an IDW proxy from SWMM node depths, NOT measured road inundation depth."
road-,,reduced_capacity,imerg-2015-11-28_reduced_capacity,0.0,safe,False,idw_from_swmm_nodes,1.0,EPSG:4326,synthetic_pilot_network,"flood_depth_m is an IDW proxy from SWMM node depths, NOT measured road inundation depth."
road-,,reduced_capacity,imerg-2015-11-28_reduced_capacity,0.0,safe,False,idw_from_swmm_nodes,1.0,EPSG:4326,synthetic_pilot_network,"flood_depth_m is an IDW proxy from SWMM node depths, NOT measured road inundation depth."
road-,,reduced_capacity,imerg-2015-11-28_reduced_capacity,0.0,safe,False,idw_from_swmm_nodes,1.0,EPSG:4326,synthetic_pilot_network,"flood_depth_m is an IDW proxy from SWMM node depths, NOT measured road inundation depth."
road-,,reduced_capacity,imerg-2015-11-28_reduced_capacity,0.0,safe,False,idw_from_swmm_nodes,1.0,EPSG:4326,synthetic_pilot_network,"flood_depth_m is an IDW proxy from SWMM node depths, NOT measured road inundation depth."
road-,,reduced_capacity,imerg-2015-11-28_reduced_capacity,0.0,safe,False,idw_from_swmm_nodes,1.0,EPSG:4326,synthetic_pilot_network,"flood_depth_m is an IDW proxy from SWMM node depths, NOT measured road inundation depth."
road-,,reduced_capacity,imerg-2015-11-28_reduced_capacity,0.0,safe,False,idw_from_swmm_nodes,1.0,EPSG:4326,synthetic_pilot_network,"flood_depth_m is an IDW proxy from SWMM node depths, NOT measured road inundation depth."
road-,,reduced_capacity,imerg-2015-11-28_reduced_capacity,0.0,safe,False,idw_from_swmm_nodes,1.0,EPSG:4326,synthetic_pilot_network,"flood_depth_m is an IDW proxy from SWMM node depths, NOT measured road inundation depth."
road-,,reduced_capacity,imerg-2015-11-28_reduced_capacity,0.0,safe,False,idw_from_swmm_nodes,1.0,EPSG:4326,synthetic_pilot_network,"flood_depth_m is an IDW proxy from SWMM node depths, NOT measured road inundation depth."
road-,,reduced_capacity,imerg-2015-11-28_reduced_capacity,0.0,safe,False,idw_from_swmm_nodes,1.0,EPSG:4326,synthetic_pilot_network,"flood_depth_m is an IDW proxy from SWMM node depths, NOT measured road inundation depth."
road-,,reduced_capacity,imerg-2015-11-28_reduced_capacity,0.0,safe,False,idw_from_swmm_nodes,1.0,EPSG:4326,synthetic_pilot_network,"flood_depth_m is an IDW proxy from SWMM node depths, NOT measured road inundation depth."
road-,,reduced_capacity,imerg-2015-11-28_reduced_capacity,0.0,safe,False,idw_from_swmm_nodes,1.0,EPSG:4326,synthetic_pilot_network,"flood_depth_m is an IDW proxy from SWMM node depths, NOT measured road inundation depth."
road-,,reduced_capacity,imerg-2015-11-28_reduced_capacity,0.3116,likely,False,idw_from_swmm_nodes,5.0,EPSG:4326,synthetic_pilot_network,"flood_depth_m is an IDW proxy from SWMM node depths, NOT measured road inundation depth."
road-,,reduced_capacity,imerg-2015-11-28_reduced_capacity,0.0,safe,False,idw_from_swmm_nodes,1.0,EPSG:4326,synthetic_pilot_network,"flood_depth_m is an IDW proxy from SWMM node depths, NOT measured road inundation depth."
road-,,reduced_capacity,imerg-2015-11-28_reduced_capacity,0.0,safe,False,idw_from_swmm_nodes,1.0,EPSG:4326,synthetic_pilot_network,"flood_depth_m is an IDW proxy from SWMM node depths, NOT measured road inundation depth."
road-,,reduced_capacity,imerg-2015-11-28_reduced_capacity,0.0,safe,False,idw_from_swmm_nodes,1.0,EPSG:4326,synthetic_pilot_network,"flood_depth_m is an IDW proxy from SWMM node depths, NOT measured road inundation depth."
road-,,reduced_capacity,imerg-2015-11-28_reduced_capacity,0.0,safe,False,idw_from_swmm_nodes,1.0,EPSG:4326,synthetic_pilot_network,"flood_depth_m is an IDW proxy from SWMM node depths, NOT measured road inundation depth."
road-,,reduced_capacity,imerg-2015-11-28_reduced_capacity,0.0,safe,False,idw_from_swmm_nodes,1.0,EPSG:4326,synthetic_pilot_network,"flood_depth_m is an IDW proxy from SWMM node depths, NOT measured road inundation depth."
road-,,reduced_capacity,imerg-2015-11-28_reduced_capacity,0.321,likely,False,idw_from_swmm_nodes,5.0,EPSG:4326,synthetic_pilot_network,"flood_depth_m is an IDW proxy from SWMM node depths, NOT measured road inundation depth."
road-,,reduced_capacity,imerg-2015-11-28_reduced_capacity,0.0,safe,False,idw_from_swmm_nodes,1.0,EPSG:4326,synthetic_pilot_network,"flood_depth_m is an IDW proxy from SWMM node depths, NOT measured road inundation depth."
road-,,reduced_capacity,imerg-2015-11-28_reduced_capacity,0.0,safe,False,idw_from_swmm_nodes,1.0,EPSG:4326,synthetic_pilot_network,"flood_depth_m is an IDW proxy from SWMM node depths, NOT measured road inundation depth."
road-,,reduced_capacity,imerg-2015-11-28_reduced_capacity,0.0,safe,False,idw_from_swmm_nodes,1.0,EPSG:4326,synthetic_pilot_network,"flood_depth_m is an IDW proxy from SWMM node depths, NOT measured road inundation depth."
road-,,reduced_capacity,imerg-2015-11-28_reduced_capacity,0.0,safe,False,idw_from_swmm_nodes,1.0,EPSG:4326,synthetic_pilot_network,"flood_depth_m is an IDW proxy from SWMM node depths, NOT measured road inundation depth."
road-,,reduced_capacity,imerg-2015-11-28_reduced_capacity,0.0,safe,False,idw_from_swmm_nodes,1.0,EPSG:4326,synthetic_pilot_network,"flood_depth_m is an IDW proxy from SWMM node depths, NOT measured road inundation depth."
road-,,reduced_capacity,imerg-2015-11-28_reduced_capacity,0.0,safe,False,idw_from_swmm_nodes,1.0,EPSG:4326,synthetic_pilot_network,"flood_depth_m is an IDW proxy from SWMM node depths, NOT measured road inundation depth."
road-,,reduced_capacity,imerg-2015-11-28_reduced_capacity,0.0,safe,False,idw_from_swmm_nodes,1.0,EPSG:4326,synthetic_pilot_network,"flood_depth_m is an IDW proxy from SWMM node depths, NOT measured road inundation depth."
road-,,reduced_capacity,imerg-2015-11-28_reduced_capacity,0.0,safe,False,idw_from_swmm_nodes,1.0,EPSG:4326,synthetic_pilot_network,"flood_depth_m is an IDW proxy from SWMM node depths, NOT measured road inundation depth."
road-,,reduced_capacity,imerg-2015-11-28_reduced_capacity,0.0,safe,False,idw_from_swmm_nodes,1.0,EPSG:4326,synthetic_pilot_network,"flood_depth_m is an IDW proxy from SWMM node depths, NOT measured road inundation depth."
road-,,reduced_capacity,imerg-2015-11-28_reduced_capacity,0.0,safe,False,idw_from_swmm_nodes,1.0,EPSG:4326,synthetic_pilot_network,"flood_depth_m is an IDW proxy from SWMM node depths, NOT measured road inundation depth."
road-,,reduced_capacity,imerg-2015-11-28_reduced_capacity,0.0,safe,False,idw_from_swmm_nodes,1.0,EPSG:4326,synthetic_pilot_network,"flood_depth_m is an IDW proxy from SWMM node depths, NOT measured road inundation depth."
road-,,reduced_capacity,imerg-2015-11-28_reduced_capacity,0.0,safe,False,idw_from_swmm_nodes,1.0,EPSG:4326,synthetic_pilot_network,"flood_depth_m is an IDW proxy from SWMM node depths, NOT measured road inundation depth."
road-,,reduced_capacity,imerg-2015-11-28_reduced_capacity,0.0,safe,False,idw_from_swmm_nodes,1.0,EPSG:4326,synthetic_pilot_network,"flood_depth_m is an IDW proxy from SWMM node depths, NOT measured road inundation depth."
road-,,reduced_capacity,imerg-2015-11-28_reduced_capacity,0.3281,likely,False,idw_from_swmm_nodes,5.0,EPSG:4326,synthetic_pilot_network,"flood_depth_m is an IDW proxy from SWMM node depths, NOT measured road inundation depth."
road-,,reduced_capacity,imerg-2015-11-28_reduced_capacity,0.0,safe,False,idw_from_swmm_nodes,1.0,EPSG:4326,synthetic_pilot_network,"flood_depth_m is an IDW proxy from SWMM node depths, NOT measured road inundation depth."
road-,,reduced_capacity,imerg-2015-11-28_reduced_capacity,0.0,safe,False,idw_from_swmm_nodes,1.0,EPSG:4326,synthetic_pilot_network,"flood_depth_m is an IDW proxy from SWMM node depths, NOT measured road inundation depth."
road-,,reduced_capacity,imerg-2015-11-28_reduced_capacity,0.0,safe,False,idw_from_swmm_nodes,1.0,EPSG:4326,synthetic_pilot_network,"flood_depth_m is an IDW proxy from SWMM node depths, NOT measured road inundation depth."
road-,,reduced_capacity,imerg-2015-11-28_reduced_capacity,0.0,safe,False,idw_from_swmm_nodes,1.0,EPSG:4326,synthetic_pilot_network,"flood_depth_m is an IDW proxy from SWMM node depths, NOT measured road inundation depth."
road-,,reduced_capacity,imerg-2015-11-28_reduced_capacity,0.0,safe,False,idw_from_swmm_nodes,1.0,EPSG:4326,synthetic_pilot_network,"flood_depth_m is an IDW proxy from SWMM node depths, NOT measured road inundation depth."
road-,,reduced_capacity,imerg-2015-11-28_reduced_capacity,0.0,safe,False,idw_from_swmm_nodes,1.0,EPSG:4326,synthetic_pilot_network,"flood_depth_m is an IDW proxy from SWMM node depths, NOT measured road inundation depth."
road-,,reduced_capacity,imerg-2015-11-28_reduced_capacity,0.0,safe,False,idw_from_swmm_nodes,1.0,EPSG:4326,synthetic_pilot_network,"flood_depth_m is an IDW proxy from SWMM node depths, NOT measured road inundation depth."
road-,,reduced_capacity,imerg-2015-11-28_reduced_capacity,0.0,safe,False,idw_from_swmm_nodes,1.0,EPSG:4326,synthetic_pilot_network,"flood_depth_m is an IDW proxy from SWMM node depths, NOT measured road inundation depth."
road-,,reduced_capacity,imerg-2015-11-28_reduced_capacity,0.0,safe,False,idw_from_swmm_nodes,1.0,EPSG:4326,synthetic_pilot_network,"flood_depth_m is an IDW proxy from SWMM node depths, NOT measured road inundation depth."
road-,,reduced_capacity,imerg-2015-11-28_reduced_capacity,0.3163,likely,False,idw_from_swmm_nodes,5.0,EPSG:4326,synthetic_pilot_network,"flood_depth_m is an IDW proxy from SWMM node depths, NOT measured road inundation depth."
road-,,reduced_capacity,imerg-2015-11-28_reduced_capacity,0.0,safe,False,idw_from_swmm_nodes,1.0,EPSG:4326,synthetic_pilot_network,"flood_depth_m is an IDW proxy from SWMM node depths, NOT measured road inundation depth."
road-,,reduced_capacity,imerg-2015-11-28_reduced_capacity,0.0,safe,False,idw_from_swmm_nodes,1.0,EPSG:4326,synthetic_pilot_network,"flood_depth_m is an IDW proxy from SWMM node depths, NOT measured road inundation depth."
road-,,reduced_capacity,imerg-2015-11-28_reduced_capacity,0.0,safe,False,idw_from_swmm_nodes,1.0,EPSG:4326,synthetic_pilot_network,"flood_depth_m is an IDW proxy from SWMM node depths, NOT measured road inundation depth."
road-,,reduced_capacity,imerg-2015-11-28_reduced_capacity,0.0,safe,False,idw_from_swmm_nodes,1.0,EPSG:4326,synthetic_pilot_network,"flood_depth_m is an IDW proxy from SWMM node depths, NOT measured road inundation depth."
road-,,reduced_capacity,imerg-2015-11-28_reduced_capacity,0.0,safe,False,idw_from_swmm_nodes,1.0,EPSG:4326,synthetic_pilot_network,"flood_depth_m is an IDW proxy from SWMM node depths, NOT measured road inundation depth."
road-,,reduced_capacity,imerg-2015-11-28_reduced_capacity,0.0,safe,False,idw_from_swmm_nodes,1.0,EPSG:4326,synthetic_pilot_network,"flood_depth_m is an IDW proxy from SWMM node depths, NOT measured road inundation depth."
road-,,reduced_capacity,imerg-2015-11-28_reduced_capacity,0.3166,likely,False,idw_from_swmm_nodes,5.0,EPSG:4326,synthetic_pilot_network,"flood_depth_m is an IDW proxy from SWMM node depths, NOT measured road inundation depth."
road-,,reduced_capacity,imerg-2015-11-28_reduced_capacity,0.0,safe,False,idw_from_swmm_nodes,1.0,EPSG:4326,synthetic_pilot_network,"flood_depth_m is an IDW proxy from SWMM node depths, NOT measured road inundation depth."
road-,,reduced_capacity,imerg-2015-11-28_reduced_capacity,0.0,safe,False,idw_from_swmm_nodes,1.0,EPSG:4326,synthetic_pilot_network,"flood_depth_m is an IDW proxy from SWMM node depths, NOT measured road inundation depth."
road-,,reduced_capacity,imerg-2015-11-28_reduced_capacity,0.0,safe,False,idw_from_swmm_nodes,1.0,EPSG:4326,synthetic_pilot_network,"flood_depth_m is an IDW proxy from SWMM node depths, NOT measured road inundation depth."
road-,,reduced_capacity,imerg-2015-11-28_reduced_capacity,0.0,safe,False,idw_from_swmm_nodes,1.0,EPSG:4326,synthetic_pilot_network,"flood_depth_m is an IDW proxy from SWMM node depths, NOT measured road inundation depth."
road-,,reduced_capacity,imerg-2015-11-28_reduced_capacity,0.0,safe,False,idw_from_swmm_nodes,1.0,EPSG:4326,synthetic_pilot_network,"flood_depth_m is an IDW proxy from SWMM node depths, NOT measured road inundation depth."
road-,,reduced_capacity,imerg-2015-11-28_reduced_capacity,0.0,safe,False,idw_from_swmm_nodes,1.0,EPSG:4326,synthetic_pilot_network,"flood_depth_m is an IDW proxy from SWMM node depths, NOT measured road inundation depth."
road-,,reduced_capacity,imerg-2015-11-28_reduced_capacity,0.0,safe,False,idw_from_swmm_nodes,1.0,EPSG:4326,synthetic_pilot_network,"flood_depth_m is an IDW proxy from SWMM node depths, NOT measured road inundation depth."
road-,,reduced_capacity,imerg-2015-11-28_reduced_capacity,0.0,safe,False,idw_from_swmm_nodes,1.0,EPSG:4326,synthetic_pilot_network,"flood_depth_m is an IDW proxy from SWMM node depths, NOT measured road inundation depth."
road-,,reduced_capacity,imerg-2015-11-28_reduced_capacity,0.0,safe,False,idw_from_swmm_nodes,1.0,EPSG:4326,synthetic_pilot_network,"flood_depth_m is an IDW proxy from SWMM node depths, NOT measured road inundation depth."
road-,,reduced_capacity,imerg-2015-11-28_reduced_capacity,0.3171,likely,False,idw_from_swmm_nodes,5.0,EPSG:4326,synthetic_pilot_network,"flood_depth_m is an IDW proxy from SWMM node depths, NOT measured road inundation depth."
road-,,reduced_capacity,imerg-2015-11-28_reduced_capacity,0.0,safe,False,idw_from_swmm_nodes,1.0,EPSG:4326,synthetic_pilot_network,"flood_depth_m is an IDW proxy from SWMM node depths, NOT measured road inundation depth."
road-,,reduced_capacity,imerg-2015-11-28_reduced_capacity,0.0,safe,False,idw_from_swmm_nodes,1.0,EPSG:4326,synthetic_pilot_network,"flood_depth_m is an IDW proxy from SWMM node depths, NOT measured road inundation depth."
road-,,reduced_capacity,imerg-2015-11-28_reduced_capacity,0.0,safe,False,idw_from_swmm_nodes,1.0,EPSG:4326,synthetic_pilot_network,"flood_depth_m is an IDW proxy from SWMM node depths, NOT measured road inundation depth."
road-,,reduced_capacity,imerg-2015-11-28_reduced_capacity,0.0,safe,False,idw_from_swmm_nodes,1.0,EPSG:4326,synthetic_pilot_network,"flood_depth_m is an IDW proxy from SWMM node depths, NOT measured road inundation depth."
road-,,reduced_capacity,imerg-2015-11-28_reduced_capacity,0.0,safe,False,idw_from_swmm_nodes,1.0,EPSG:4326,synthetic_pilot_network,"flood_depth_m is an IDW proxy from SWMM node depths, NOT measured road inundation depth."
road-,,reduced_capacity,imerg-2015-11-28_reduced_capacity,0.0,safe,False,idw_from_swmm_nodes,1.0,EPSG:4326,synthetic_pilot_network,"flood_depth_m is an IDW proxy from SWMM node depths, NOT measured road inundation depth."
road-,,reduced_capacity,imerg-2015-11-28_reduced_capacity,0.0,safe,False,idw_from_swmm_nodes,1.0,EPSG:4326,synthetic_pilot_network,"flood_depth_m is an IDW proxy from SWMM node depths, NOT measured road inundation depth."
road-,,reduced_capacity,imerg-2015-11-28_reduced_capacity,0.0,safe,False,idw_from_swmm_nodes,1.0,EPSG:4326,synthetic_pilot_network,"flood_depth_m is an IDW proxy from SWMM node depths, NOT measured road inundation depth."
road-,,reduced_capacity,imerg-2015-11-28_reduced_capacity,0.0,safe,False,idw_from_swmm_nodes,1.0,EPSG:4326,synthetic_pilot_network,"flood_depth_m is an IDW proxy from SWMM node depths, NOT measured road inundation depth."
road-,,reduced_capacity,imerg-2015-11-28_reduced_capacity,0.0,safe,False,idw_from_swmm_nodes,1.0,EPSG:4326,synthetic_pilot_network,"flood_depth_m is an IDW proxy from SWMM node depths, NOT measured road inundation depth."
road-,,reduced_capacity,imerg-2015-11-28_reduced_capacity,0.0,safe,False,idw_from_swmm_nodes,1.0,EPSG:4326,synthetic_pilot_network,"flood_depth_m is an IDW proxy from SWMM node depths, NOT measured road inundation depth."
road-,,reduced_capacity,imerg-2015-11-28_reduced_capacity,0.0,safe,False,idw_from_swmm_nodes,1.0,EPSG:4326,synthetic_pilot_network,"flood_depth_m is an IDW proxy from SWMM node depths, NOT measured road inundation depth."
road-,,reduced_capacity,imerg-2015-11-28_reduced_capacity,0.0,safe,False,idw_from_swmm_nodes,1.0,EPSG:4326,synthetic_pilot_network,"flood_depth_m is an IDW proxy from SWMM node depths, NOT measured road inundation depth."
road-,,reduced_capacity,imerg-2015-11-28_reduced_capacity,0.0,safe,False,idw_from_swmm_nodes,1.0,EPSG:4326,synthetic_pilot_network,"flood_depth_m is an IDW proxy from SWMM node depths, NOT measured road inundation depth."
road-,,reduced_capacity,imerg-2015-11-28_reduced_capacity,0.0,safe,False,idw_from_swmm_nodes,1.0,EPSG:4326,synthetic_pilot_network,"flood_depth_m is an IDW proxy from SWMM node depths, NOT measured road inundation depth."
road-,,reduced_capacity,imerg-2015-11-28_reduced_capacity,0.0,safe,False,idw_from_swmm_nodes,1.0,EPSG:4326,synthetic_pilot_network,"flood_depth_m is an IDW proxy from SWMM node depths, NOT measured road inundation depth."
road-,,reduced_capacity,imerg-2015-11-28_reduced_capacity,0.0,safe,False,idw_from_swmm_nodes,1.0,EPSG:4326,synthetic_pilot_network,"flood_depth_m is an IDW proxy from SWMM node depths, NOT measured road inundation depth."
road-,,reduced_capacity,imerg-2015-11-28_reduced_capacity,0.0,safe,False,idw_from_swmm_nodes,1.0,EPSG:4326,synthetic_pilot_network,"flood_depth_m is an IDW proxy from SWMM node depths, NOT measured road inundation depth."
road-,,reduced_capacity,imerg-2015-11-28_reduced_capacity,0.0,safe,False,idw_from_swmm_nodes,1.0,EPSG:4326,synthetic_pilot_network,"flood_depth_m is an IDW proxy from SWMM node depths, NOT measured road inundation depth."
road-,,reduced_capacity,imerg-2015-11-28_reduced_capacity,0.0,safe,False,idw_from_swmm_nodes,1.0,EPSG:4326,synthetic_pilot_network,"flood_depth_m is an IDW proxy from SWMM node depths, NOT measured road inundation depth."
road-,,reduced_capacity,imerg-2015-11-28_reduced_capacity,0.0,safe,False,idw_from_swmm_nodes,1.0,EPSG:4326,synthetic_pilot_network,"flood_depth_m is an IDW proxy from SWMM node depths, NOT measured road inundation depth."
road-,,reduced_capacity,imerg-2015-11-28_reduced_capacity,0.0,safe,False,idw_from_swmm_nodes,1.0,EPSG:4326,synthetic_pilot_network,"flood_depth_m is an IDW proxy from SWMM node depths, NOT measured road inundation depth."
road-,,reduced_capacity,imerg-2015-11-28_reduced_capacity,0.0,safe,False,idw_from_swmm_nodes,1.0,EPSG:4326,synthetic_pilot_network,"flood_depth_m is an IDW proxy from SWMM node depths, NOT measured road inundation depth."
road-,,reduced_capacity,imerg-2015-11-28_reduced_capacity,0.0,safe,False,idw_from_swmm_nodes,1.0,EPSG:4326,synthetic_pilot_network,"flood_depth_m is an IDW proxy from SWMM node depths, NOT measured road inundation depth."
road-,,reduced_capacity,imerg-2015-11-28_reduced_capacity,0.0,safe,False,idw_from_swmm_nodes,1.0,EPSG:4326,synthetic_pilot_network,"flood_depth_m is an IDW proxy from SWMM node depths, NOT measured road inundation depth."
road-,,reduced_capacity,imerg-2015-11-28_reduced_capacity,0.0,safe,False,idw_from_swmm_nodes,1.0,EPSG:4326,synthetic_pilot_network,"flood_depth_m is an IDW proxy from SWMM node depths, NOT measured road inundation depth."
road-,,reduced_capacity,imerg-2015-11-28_reduced_capacity,0.0,safe,False,idw_from_swmm_nodes,1.0,EPSG:4326,synthetic_pilot_network,"flood_depth_m is an IDW proxy from SWMM node depths, NOT measured road inundation depth."
road-,,reduced_capacity,imerg-2015-11-28_reduced_capacity,0.0,safe,False,idw_from_swmm_nodes,1.0,EPSG:4326,synthetic_pilot_network,"flood_depth_m is an IDW proxy from SWMM node depths, NOT measured road inundation depth."
road-,,reduced_capacity,imerg-2015-11-28_reduced_capacity,0.3178,likely,False,idw_from_swmm_nodes,5.0,EPSG:4326,synthetic_pilot_network,"flood_depth_m is an IDW proxy from SWMM node depths, NOT measured road inundation depth."
road-,,reduced_capacity,imerg-2015-11-28_reduced_capacity,0.0,safe,False,idw_from_swmm_nodes,1.0,EPSG:4326,synthetic_pilot_network,"flood_depth_m is an IDW proxy from SWMM node depths, NOT measured road inundation depth."
road-,,reduced_capacity,imerg-2015-11-28_reduced_capacity,0.0,safe,False,idw_from_swmm_nodes,1.0,EPSG:4326,synthetic_pilot_network,"flood_depth_m is an IDW proxy from SWMM node depths, NOT measured road inundation depth."
road-,,reduced_capacity,imerg-2015-11-28_reduced_capacity,0.0,safe,False,idw_from_swmm_nodes,1.0,EPSG:4326,synthetic_pilot_network,"flood_depth_m is an IDW proxy from SWMM node depths, NOT measured road inundation depth."
road-,,reduced_capacity,imerg-2015-11-28_reduced_capacity,0.0,safe,False,idw_from_swmm_nodes,1.0,EPSG:4326,synthetic_pilot_network,"flood_depth_m is an IDW proxy from SWMM node depths, NOT measured road inundation depth."
road-,,reduced_capacity,imerg-2015-11-28_reduced_capacity,0.0,safe,False,idw_from_swmm_nodes,1.0,EPSG:4326,synthetic_pilot_network,"flood_depth_m is an IDW proxy from SWMM node depths, NOT measured road inundation depth."
road-,,reduced_capacity,imerg-2015-11-28_reduced_capacity,0.0,safe,False,idw_from_swmm_nodes,1.0,EPSG:4326,synthetic_pilot_network,"flood_depth_m is an IDW proxy from SWMM node depths, NOT measured road inundation depth."
road-,,reduced_capacity,imerg-2015-11-28_reduced_capacity,0.0,safe,False,idw_from_swmm_nodes,1.0,EPSG:4326,synthetic_pilot_network,"flood_depth_m is an IDW proxy from SWMM node depths, NOT measured road inundation depth."
road-,,reduced_capacity,imerg-2015-11-28_reduced_capacity,0.0,safe,False,idw_from_swmm_nodes,1.0,EPSG:4326,synthetic_pilot_network,"flood_depth_m is an IDW proxy from SWMM node depths, NOT measured road inundation depth."
road-,,reduced_capacity,imerg-2015-11-28_reduced_capacity,0.0,safe,False,idw_from_swmm_nodes,1.0,EPSG:4326,synthetic_pilot_network,"flood_depth_m is an IDW proxy from SWMM node depths, NOT measured road inundation depth."
road-,,reduced_capacity,imerg-2015-11-28_reduced_capacity,0.0,safe,False,idw_from_swmm_nodes,1.0,EPSG:4326,synthetic_pilot_network,"flood_depth_m is an IDW proxy from SWMM node depths, NOT measured road inundation depth."
road-,,reduced_capacity,imerg-2015-11-28_reduced_capacity,0.0,safe,False,idw_from_swmm_nodes,1.0,EPSG:4326,synthetic_pilot_network,"flood_depth_m is an IDW proxy from SWMM node depths, NOT measured road inundation depth."
road-,,reduced_capacity,imerg-2015-11-28_reduced_capacity,0.0,safe,False,idw_from_swmm_nodes,1.0,EPSG:4326,synthetic_pilot_network,"flood_depth_m is an IDW proxy from SWMM node depths, NOT measured road inundation depth."
road-,,reduced_capacity,imerg-2015-11-28_reduced_capacity,0.0,safe,False,idw_from_swmm_nodes,1.0,EPSG:4326,synthetic_pilot_network,"flood_depth_m is an IDW proxy from SWMM node depths, NOT measured road inundation depth."
road-,,reduced_capacity,imerg-2015-11-28_reduced_capacity,0.0,safe,False,idw_from_swmm_nodes,1.0,EPSG:4326,synthetic_pilot_network,"flood_depth_m is an IDW proxy from SWMM node depths, NOT measured road inundation depth."
road-,,reduced_capacity,imerg-2015-11-28_reduced_capacity,0.0,safe,False,idw_from_swmm_nodes,1.0,EPSG:4326,synthetic_pilot_network,"flood_depth_m is an IDW proxy from SWMM node depths, NOT measured road inundation depth."
road-,,reduced_capacity,imerg-2015-11-28_reduced_capacity,0.0,safe,False,idw_from_swmm_nodes,1.0,EPSG:4326,synthetic_pilot_network,"flood_depth_m is an IDW proxy from SWMM node depths, NOT measured road inundation depth."
road-,,reduced_capacity,imerg-2015-11-28_reduced_capacity,0.0,safe,False,idw_from_swmm_nodes,1.0,EPSG:4326,synthetic_pilot_network,"flood_depth_m is an IDW proxy from SWMM node depths, NOT measured road inundation depth."
road-,,reduced_capacity,imerg-2015-11-28_reduced_capacity,0.0,safe,False,idw_from_swmm_nodes,1.0,EPSG:4326,synthetic_pilot_network,"flood_depth_m is an IDW proxy from SWMM node depths, NOT measured road inundation depth."
road-,,reduced_capacity,imerg-2015-11-28_reduced_capacity,0.0,safe,False,idw_from_swmm_nodes,1.0,EPSG:4326,synthetic_pilot_network,"flood_depth_m is an IDW proxy from SWMM node depths, NOT measured road inundation depth."
road-,,reduced_capacity,imerg-2015-11-28_reduced_capacity,0.36,likely,False,idw_from_swmm_nodes,5.0,EPSG:4326,synthetic_pilot_network,"flood_depth_m is an IDW proxy from SWMM node depths, NOT measured road inundation depth."
road-,,reduced_capacity,imerg-2015-11-28_reduced_capacity,0.0,safe,False,idw_from_swmm_nodes,1.0,EPSG:4326,synthetic_pilot_network,"flood_depth_m is an IDW proxy from SWMM node depths, NOT measured road inundation depth."
road-,,reduced_capacity,imerg-2015-11-28_reduced_capacity,0.0,safe,False,idw_from_swmm_nodes,1.0,EPSG:4326,synthetic_pilot_network,"flood_depth_m is an IDW proxy from SWMM node depths, NOT measured road inundation depth."
road-,,reduced_capacity,imerg-2015-11-28_reduced_capacity,0.0,safe,False,idw_from_swmm_nodes,1.0,EPSG:4326,synthetic_pilot_network,"flood_depth_m is an IDW proxy from SWMM node depths, NOT measured road inundation depth."
road-,,reduced_capacity,imerg-2015-11-28_reduced_capacity,0.0,safe,False,idw_from_swmm_nodes,1.0,EPSG:4326,synthetic_pilot_network,"flood_depth_m is an IDW proxy from SWMM node depths, NOT measured road inundation depth."
road-,,reduced_capacity,imerg-2015-11-28_reduced_capacity,0.0,safe,False,idw_from_swmm_nodes,1.0,EPSG:4326,synthetic_pilot_network,"flood_depth_m is an IDW proxy from SWMM node depths, NOT measured road inundation depth."
road-,,reduced_capacity,imerg-2015-11-28_reduced_capacity,0.0,safe,False,idw_from_swmm_nodes,1.0,EPSG:4326,synthetic_pilot_network,"flood_depth_m is an IDW proxy from SWMM node depths, NOT measured road inundation depth."
road-,,reduced_capacity,imerg-2015-11-28_reduced_capacity,0.0,safe,False,idw_from_swmm_nodes,1.0,EPSG:4326,synthetic_pilot_network,"flood_depth_m is an IDW proxy from SWMM node depths, NOT measured road inundation depth."
road-,,reduced_capacity,imerg-2015-11-28_reduced_capacity,0.3054,likely,False,idw_from_swmm_nodes,5.0,EPSG:4326,synthetic_pilot_network,"flood_depth_m is an IDW proxy from SWMM node depths, NOT measured road inundation depth."
road-,,reduced_capacity,imerg-2015-11-28_reduced_capacity,0.0,safe,False,idw_from_swmm_nodes,1.0,EPSG:4326,synthetic_pilot_network,"flood_depth_m is an IDW proxy from SWMM node depths, NOT measured road inundation depth."
road-,,reduced_capacity,imerg-2015-11-28_reduced_capacity,0.3171,likely,False,idw_from_swmm_nodes,5.0,EPSG:4326,synthetic_pilot_network,"flood_depth_m is an IDW proxy from SWMM node depths, NOT measured road inundation depth."
road-,,reduced_capacity,imerg-2015-11-28_reduced_capacity,0.0,safe,False,idw_from_swmm_nodes,1.0,EPSG:4326,synthetic_pilot_network,"flood_depth_m is an IDW proxy from SWMM node depths, NOT measured road inundation depth."
road-,,reduced_capacity,imerg-2015-11-28_reduced_capacity,0.0,safe,False,idw_from_swmm_nodes,1.0,EPSG:4326,synthetic_pilot_network,"flood_depth_m is an IDW proxy from SWMM node depths, NOT measured road inundation depth."
road-,,reduced_capacity,imerg-2015-11-28_reduced_capacity,0.0,safe,False,idw_from_swmm_nodes,1.0,EPSG:4326,synthetic_pilot_network,"flood_depth_m is an IDW proxy from SWMM node depths, NOT measured road inundation depth."
road-,,reduced_capacity,imerg-2015-11-28_reduced_capacity,0.0,safe,False,idw_from_swmm_nodes,1.0,EPSG:4326,synthetic_pilot_network,"flood_depth_m is an IDW proxy from SWMM node depths, NOT measured road inundation depth."
road-,,reduced_capacity,imerg-2015-11-28_reduced_capacity,0.0,safe,False,idw_from_swmm_nodes,1.0,EPSG:4326,synthetic_pilot_network,"flood_depth_m is an IDW proxy from SWMM node depths, NOT measured road inundation depth."
road-,,reduced_capacity,imerg-2015-11-28_reduced_capacity,0.3087,likely,False,idw_from_swmm_nodes,5.0,EPSG:4326,synthetic_pilot_network,"flood_depth_m is an IDW proxy from SWMM node depths, NOT measured road inundation depth."
road-,,reduced_capacity,imerg-2015-11-28_reduced_capacity,0.0,safe,False,idw_from_swmm_nodes,1.0,EPSG:4326,synthetic_pilot_network,"flood_depth_m is an IDW proxy from SWMM node depths, NOT measured road inundation depth."
road-,,reduced_capacity,imerg-2015-11-28_reduced_capacity,0.0,safe,False,idw_from_swmm_nodes,1.0,EPSG:4326,synthetic_pilot_network,"flood_depth_m is an IDW proxy from SWMM node depths, NOT measured road inundation depth."
road-,,reduced_capacity,imerg-2015-11-28_reduced_capacity,0.0,safe,False,idw_from_swmm_nodes,1.0,EPSG:4326,synthetic_pilot_network,"flood_depth_m is an IDW proxy from SWMM node depths, NOT measured road inundation depth."
road-,,reduced_capacity,imerg-2015-11-28_reduced_capacity,0.0,safe,False,idw_from_swmm_nodes,1.0,EPSG:4326,synthetic_pilot_network,"flood_depth_m is an IDW proxy from SWMM node depths, NOT measured road inundation depth."
road-,,reduced_capacity,imerg-2015-11-28_reduced_capacity,0.0,safe,False,idw_from_swmm_nodes,1.0,EPSG:4326,synthetic_pilot_network,"flood_depth_m is an IDW proxy from SWMM node depths, NOT measured road inundation depth."
road-,,reduced_capacity,imerg-2015-11-28_reduced_capacity,0.3094,likely,False,idw_from_swmm_nodes,5.0,EPSG:4326,synthetic_pilot_network,"flood_depth_m is an IDW proxy from SWMM node depths, NOT measured road inundation depth."
road-,,reduced_capacity,imerg-2015-11-28_reduced_capacity,0.0,safe,False,idw_from_swmm_nodes,1.0,EPSG:4326,synthetic_pilot_network,"flood_depth_m is an IDW proxy from SWMM node depths, NOT measured road inundation depth."
road-,,reduced_capacity,imerg-2015-11-28_reduced_capacity,0.0,safe,False,idw_from_swmm_nodes,1.0,EPSG:4326,synthetic_pilot_network,"flood_depth_m is an IDW proxy from SWMM node depths, NOT measured road inundation depth."
road-,,reduced_capacity,imerg-2015-11-28_reduced_capacity,0.3183,likely,False,idw_from_swmm_nodes,5.0,EPSG:4326,synthetic_pilot_network,"flood_depth_m is an IDW proxy from SWMM node depths, NOT measured road inundation depth."
road-,,reduced_capacity,imerg-2015-11-28_reduced_capacity,0.0,safe,False,idw_from_swmm_nodes,1.0,EPSG:4326,synthetic_pilot_network,"flood_depth_m is an IDW proxy from SWMM node depths, NOT measured road inundation depth."
road-,,reduced_capacity,imerg-2015-11-28_reduced_capacity,0.0,safe,False,idw_from_swmm_nodes,1.0,EPSG:4326,synthetic_pilot_network,"flood_depth_m is an IDW proxy from SWMM node depths, NOT measured road inundation depth."
road-,,reduced_capacity,imerg-2015-11-28_reduced_capacity,0.0,safe,False,idw_from_swmm_nodes,1.0,EPSG:4326,synthetic_pilot_network,"flood_depth_m is an IDW proxy from SWMM node depths, NOT measured road inundation depth."
road-,,reduced_capacity,imerg-2015-11-28_reduced_capacity,0.0,safe,False,idw_from_swmm_nodes,1.0,EPSG:4326,synthetic_pilot_network,"flood_depth_m is an IDW proxy from SWMM node depths, NOT measured road inundation depth."
road-,,reduced_capacity,imerg-2015-11-28_reduced_capacity,0.0,safe,False,idw_from_swmm_nodes,1.0,EPSG:4326,synthetic_pilot_network,"flood_depth_m is an IDW proxy from SWMM node depths, NOT measured road inundation depth."
road-,,reduced_capacity,imerg-2015-11-28_reduced_capacity,0.0,safe,False,idw_from_swmm_nodes,1.0,EPSG:4326,synthetic_pilot_network,"flood_depth_m is an IDW proxy from SWMM node depths, NOT measured road inundation depth."
road-,,reduced_capacity,imerg-2015-11-28_reduced_capacity,0.0,safe,False,idw_from_swmm_nodes,1.0,EPSG:4326,synthetic_pilot_network,"flood_depth_m is an IDW proxy from SWMM node depths, NOT measured road inundation depth."
road-,,reduced_capacity,imerg-2015-11-28_reduced_capacity,0.3173,likely,False,idw_from_swmm_nodes,5.0,EPSG:4326,synthetic_pilot_network,"flood_depth_m is an IDW proxy from SWMM node depths, NOT measured road inundation depth."
road-,,reduced_capacity,imerg-2015-11-28_reduced_capacity,0.0,safe,False,idw_from_swmm_nodes,1.0,EPSG:4326,synthetic_pilot_network,"flood_depth_m is an IDW proxy from SWMM node depths, NOT measured road inundation depth."
road-,,reduced_capacity,imerg-2015-11-28_reduced_capacity,0.0,safe,False,idw_from_swmm_nodes,1.0,EPSG:4326,synthetic_pilot_network,"flood_depth_m is an IDW proxy from SWMM node depths, NOT measured road inundation depth."
road-,,reduced_capacity,imerg-2015-11-28_reduced_capacity,0.0,safe,False,idw_from_swmm_nodes,1.0,EPSG:4326,synthetic_pilot_network,"flood_depth_m is an IDW proxy from SWMM node depths, NOT measured road inundation depth."
road-,,reduced_capacity,imerg-2015-11-28_reduced_capacity,0.0,safe,False,idw_from_swmm_nodes,1.0,EPSG:4326,synthetic_pilot_network,"flood_depth_m is an IDW proxy from SWMM node depths, NOT measured road inundation depth."
road-,,reduced_capacity,imerg-2015-11-28_reduced_capacity,0.29,likely,False,idw_from_swmm_nodes,5.0,EPSG:4326,synthetic_pilot_network,"flood_depth_m is an IDW proxy from SWMM node depths, NOT measured road inundation depth."
road-,,reduced_capacity,imerg-2015-11-28_reduced_capacity,0.0,safe,False,idw_from_swmm_nodes,1.0,EPSG:4326,synthetic_pilot_network,"flood_depth_m is an IDW proxy from SWMM node depths, NOT measured road inundation depth."
road-,,reduced_capacity,imerg-2015-11-28_reduced_capacity,0.0,safe,False,idw_from_swmm_nodes,1.0,EPSG:4326,synthetic_pilot_network,"flood_depth_m is an IDW proxy from SWMM node depths, NOT measured road inundation depth."
road-,,reduced_capacity,imerg-2015-11-28_reduced_capacity,0.0,safe,False,idw_from_swmm_nodes,1.0,EPSG:4326,synthetic_pilot_network,"flood_depth_m is an IDW proxy from SWMM node depths, NOT measured road inundation depth."
road-,,reduced_capacity,imerg-2015-11-28_reduced_capacity,0.0,safe,False,idw_from_swmm_nodes,1.0,EPSG:4326,synthetic_pilot_network,"flood_depth_m is an IDW proxy from SWMM node depths, NOT measured road inundation depth."
road-,,reduced_capacity,imerg-2015-11-28_reduced_capacity,0.0,safe,False,idw_from_swmm_nodes,1.0,EPSG:4326,synthetic_pilot_network,"flood_depth_m is an IDW proxy from SWMM node depths, NOT measured road inundation depth."
road-,,reduced_capacity,imerg-2015-11-28_reduced_capacity,0.0,safe,False,idw_from_swmm_nodes,1.0,EPSG:4326,synthetic_pilot_network,"flood_depth_m is an IDW proxy from SWMM node depths, NOT measured road inundation depth."
road-,,reduced_capacity,imerg-2015-11-28_reduced_capacity,0.0,safe,False,idw_from_swmm_nodes,1.0,EPSG:4326,synthetic_pilot_network,"flood_depth_m is an IDW proxy from SWMM node depths, NOT measured road inundation depth."
road-,,reduced_capacity,imerg-2015-11-28_reduced_capacity,0.0,safe,False,idw_from_swmm_nodes,1.0,EPSG:4326,synthetic_pilot_network,"flood_depth_m is an IDW proxy from SWMM node depths, NOT measured road inundation depth."
road-,,reduced_capacity,imerg-2015-11-28_reduced_capacity,0.0,safe,False,idw_from_swmm_nodes,1.0,EPSG:4326,synthetic_pilot_network,"flood_depth_m is an IDW proxy from SWMM node depths, NOT measured road inundation depth."
road-,,reduced_capacity,imerg-2015-11-28_reduced_capacity,0.0,safe,False,idw_from_swmm_nodes,1.0,EPSG:4326,synthetic_pilot_network,"flood_depth_m is an IDW proxy from SWMM node depths, NOT measured road inundation depth."
road-,,reduced_capacity,imerg-2015-11-28_reduced_capacity,0.3129,likely,False,idw_from_swmm_nodes,5.0,EPSG:4326,synthetic_pilot_network,"flood_depth_m is an IDW proxy from SWMM node depths, NOT measured road inundation depth."
road-,,reduced_capacity,imerg-2015-11-28_reduced_capacity,0.3076,likely,False,idw_from_swmm_nodes,5.0,EPSG:4326,synthetic_pilot_network,"flood_depth_m is an IDW proxy from SWMM node depths, NOT measured road inundation depth."
road-,,reduced_capacity,imerg-2015-11-28_reduced_capacity,0.3159,likely,False,idw_from_swmm_nodes,5.0,EPSG:4326,synthetic_pilot_network,"flood_depth_m is an IDW proxy from SWMM node depths, NOT measured road inundation depth."
road-,,reduced_capacity,imerg-2015-11-28_reduced_capacity,0.0,safe,False,idw_from_swmm_nodes,1.0,EPSG:4326,synthetic_pilot_network,"flood_depth_m is an IDW proxy from SWMM node depths, NOT measured road inundation depth."
road-,,reduced_capacity,imerg-2015-11-28_reduced_capacity,0.0,safe,False,idw_from_swmm_nodes,1.0,EPSG:4326,synthetic_pilot_network,"flood_depth_m is an IDW proxy from SWMM node depths, NOT measured road inundation depth."
road-,,reduced_capacity,imerg-2015-11-28_reduced_capacity,0.0,safe,False,idw_from_swmm_nodes,1.0,EPSG:4326,synthetic_pilot_network,"flood_depth_m is an IDW proxy from SWMM node depths, NOT measured road inundation depth."
road-,,reduced_capacity,imerg-2015-11-28_reduced_capacity,0.0,safe,False,idw_from_swmm_nodes,1.0,EPSG:4326,synthetic_pilot_network,"flood_depth_m is an IDW proxy from SWMM node depths, NOT measured road inundation depth."
road-,,reduced_capacity,imerg-2015-11-28_reduced_capacity,0.0,safe,False,idw_from_swmm_nodes,1.0,EPSG:4326,synthetic_pilot_network,"flood_depth_m is an IDW proxy from SWMM node depths, NOT measured road inundation depth."
road-,,reduced_capacity,imerg-2015-11-28_reduced_capacity,0.3231,likely,False,idw_from_swmm_nodes,5.0,EPSG:4326,synthetic_pilot_network,"flood_depth_m is an IDW proxy from SWMM node depths, NOT measured road inundation depth."
road-,,reduced_capacity,imerg-2015-11-28_reduced_capacity,0.0,safe,False,idw_from_swmm_nodes,1.0,EPSG:4326,synthetic_pilot_network,"flood_depth_m is an IDW proxy from SWMM node depths, NOT measured road inundation depth."
road-,,reduced_capacity,imerg-2015-11-28_reduced_capacity,0.3192,likely,False,idw_from_swmm_nodes,5.0,EPSG:4326,synthetic_pilot_network,"flood_depth_m is an IDW proxy from SWMM node depths, NOT measured road inundation depth."
road-,,reduced_capacity,imerg-2015-11-28_reduced_capacity,0.0,safe,False,idw_from_swmm_nodes,1.0,EPSG:4326,synthetic_pilot_network,"flood_depth_m is an IDW proxy from SWMM node depths, NOT measured road inundation depth."
road-,,reduced_capacity,imerg-2015-11-28_reduced_capacity,0.3139,likely,False,idw_from_swmm_nodes,5.0,EPSG:4326,synthetic_pilot_network,"flood_depth_m is an IDW proxy from SWMM node depths, NOT measured road inundation depth."
road-,,reduced_capacity,imerg-2015-11-28_reduced_capacity,0.0,safe,False,idw_from_swmm_nodes,1.0,EPSG:4326,synthetic_pilot_network,"flood_depth_m is an IDW proxy from SWMM node depths, NOT measured road inundation depth."
road-,,reduced_capacity,imerg-2015-11-28_reduced_capacity,0.3172,likely,False,idw_from_swmm_nodes,5.0,EPSG:4326,synthetic_pilot_network,"flood_depth_m is an IDW proxy from SWMM node depths, NOT measured road inundation depth."
road-,,reduced_capacity,imerg-2015-11-28_reduced_capacity,0.3184,likely,False,idw_from_swmm_nodes,5.0,EPSG:4326,synthetic_pilot_network,"flood_depth_m is an IDW proxy from SWMM node depths, NOT measured road inundation depth."
road-,,reduced_capacity,imerg-2015-11-28_reduced_capacity,0.0,safe,False,idw_from_swmm_nodes,1.0,EPSG:4326,synthetic_pilot_network,"flood_depth_m is an IDW proxy from SWMM node depths, NOT measured road inundation depth."
road-,,reduced_capacity,imerg-2015-11-28_reduced_capacity,0.0,safe,False,idw_from_swmm_nodes,1.0,EPSG:4326,synthetic_pilot_network,"flood_depth_m is an IDW proxy from SWMM node depths, NOT measured road inundation depth."
road-,,reduced_capacity,imerg-2015-11-28_reduced_capacity,0.3061,likely,False,idw_from_swmm_nodes,5.0,EPSG:4326,synthetic_pilot_network,"flood_depth_m is an IDW proxy from SWMM node depths, NOT measured road inundation depth."
road-,,reduced_capacity,imerg-2015-11-28_reduced_capacity,0.0,safe,False,idw_from_swmm_nodes,1.0,EPSG:4326,synthetic_pilot_network,"flood_depth_m is an IDW proxy from SWMM node depths, NOT measured road inundation depth."
road-,,reduced_capacity,imerg-2015-11-28_reduced_capacity,0.0,safe,False,idw_from_swmm_nodes,1.0,EPSG:4326,synthetic_pilot_network,"flood_depth_m is an IDW proxy from SWMM node depths, NOT measured road inundation depth."
road-,,reduced_capacity,imerg-2015-11-28_reduced_capacity,0.0,safe,False,idw_from_swmm_nodes,1.0,EPSG:4326,synthetic_pilot_network,"flood_depth_m is an IDW proxy from SWMM node depths, NOT measured road inundation depth."
road-,,reduced_capacity,imerg-2015-11-28_reduced_capacity,0.0,safe,False,idw_from_swmm_nodes,1.0,EPSG:4326,synthetic_pilot_network,"flood_depth_m is an IDW proxy from SWMM node depths, NOT measured road inundation depth."
road-,,reduced_capacity,imerg-2015-11-28_reduced_capacity,0.0,safe,False,idw_from_swmm_nodes,1.0,EPSG:4326,synthetic_pilot_network,"flood_depth_m is an IDW proxy from SWMM node depths, NOT measured road inundation depth."
road-,,reduced_capacity,imerg-2015-11-28_reduced_capacity,0.0,safe,False,idw_from_swmm_nodes,1.0,EPSG:4326,synthetic_pilot_network,"flood_depth_m is an IDW proxy from SWMM node depths, NOT measured road inundation depth."
road-,,reduced_capacity,imerg-2015-11-28_reduced_capacity,0.0,safe,False,idw_from_swmm_nodes,1.0,EPSG:4326,synthetic_pilot_network,"flood_depth_m is an IDW proxy from SWMM node depths, NOT measured road inundation depth."
road-,,reduced_capacity,imerg-2015-11-28_reduced_capacity,0.0,safe,False,idw_from_swmm_nodes,1.0,EPSG:4326,synthetic_pilot_network,"flood_depth_m is an IDW proxy from SWMM node depths, NOT measured road inundation depth."
road-,,reduced_capacity,imerg-2015-11-28_reduced_capacity,0.0,safe,False,idw_from_swmm_nodes,1.0,EPSG:4326,synthetic_pilot_network,"flood_depth_m is an IDW proxy from SWMM node depths, NOT measured road inundation depth."
road-,,reduced_capacity,imerg-2015-11-28_reduced_capacity,0.0,safe,False,idw_from_swmm_nodes,1.0,EPSG:4326,synthetic_pilot_network,"flood_depth_m is an IDW proxy from SWMM node depths, NOT measured road inundation depth."
road-,,reduced_capacity,imerg-2015-11-28_reduced_capacity,0.0,safe,False,idw_from_swmm_nodes,1.0,EPSG:4326,synthetic_pilot_network,"flood_depth_m is an IDW proxy from SWMM node depths, NOT measured road inundation depth."
road-,,reduced_capacity,imerg-2015-11-28_reduced_capacity,0.3314,likely,False,idw_from_swmm_nodes,5.0,EPSG:4326,synthetic_pilot_network,"flood_depth_m is an IDW proxy from SWMM node depths, NOT measured road inundation depth."
road-,,reduced_capacity,imerg-2015-11-28_reduced_capacity,0.0,safe,False,idw_from_swmm_nodes,1.0,EPSG:4326,synthetic_pilot_network,"flood_depth_m is an IDW proxy from SWMM node depths, NOT measured road inundation depth."
road-,,reduced_capacity,imerg-2015-11-28_reduced_capacity,0.0,safe,False,idw_from_swmm_nodes,1.0,EPSG:4326,synthetic_pilot_network,"flood_depth_m is an IDW proxy from SWMM node depths, NOT measured road inundation depth."
road-,,reduced_capacity,imerg-2015-11-28_reduced_capacity,0.0,safe,False,idw_from_swmm_nodes,1.0,EPSG:4326,synthetic_pilot_network,"flood_depth_m is an IDW proxy from SWMM node depths, NOT measured road inundation depth."
road-,,reduced_capacity,imerg-2015-11-28_reduced_capacity,0.0,safe,False,idw_from_swmm_nodes,1.0,EPSG:4326,synthetic_pilot_network,"flood_depth_m is an IDW proxy from SWMM node depths, NOT measured road inundation depth."
road-,,reduced_capacity,imerg-2015-11-28_reduced_capacity,0.0,safe,False,idw_from_swmm_nodes,1.0,EPSG:4326,synthetic_pilot_network,"flood_depth_m is an IDW proxy from SWMM node depths, NOT measured road inundation depth."
road-,,reduced_capacity,imerg-2015-11-28_reduced_capacity,0.0,safe,False,idw_from_swmm_nodes,1.0,EPSG:4326,synthetic_pilot_network,"flood_depth_m is an IDW proxy from SWMM node depths, NOT measured road inundation depth."
road-,,reduced_capacity,imerg-2015-11-28_reduced_capacity,0.0,safe,False,idw_from_swmm_nodes,1.0,EPSG:4326,synthetic_pilot_network,"flood_depth_m is an IDW proxy from SWMM node depths, NOT measured road inundation depth."
road-,,reduced_capacity,imerg-2015-11-28_reduced_capacity,0.0,safe,False,idw_from_swmm_nodes,1.0,EPSG:4326,synthetic_pilot_network,"flood_depth_m is an IDW proxy from SWMM node depths, NOT measured road inundation depth."
road-,,reduced_capacity,imerg-2015-11-28_reduced_capacity,0.0,safe,False,idw_from_swmm_nodes,1.0,EPSG:4326,synthetic_pilot_network,"flood_depth_m is an IDW proxy from SWMM node depths, NOT measured road inundation depth."
road-,,reduced_capacity,imerg-2015-11-28_reduced_capacity,0.3173,likely,False,idw_from_swmm_nodes,5.0,EPSG:4326,synthetic_pilot_network,"flood_depth_m is an IDW proxy from SWMM node depths, NOT measured road inundation depth."
road-,,reduced_capacity,imerg-2015-11-28_reduced_capacity,0.0,safe,False,idw_from_swmm_nodes,1.0,EPSG:4326,synthetic_pilot_network,"flood_depth_m is an IDW proxy from SWMM node depths, NOT measured road inundation depth."
road-,,reduced_capacity,imerg-2015-11-28_reduced_capacity,0.0,safe,False,idw_from_swmm_nodes,1.0,EPSG:4326,synthetic_pilot_network,"flood_depth_m is an IDW proxy from SWMM node depths, NOT measured road inundation depth."
road-,,reduced_capacity,imerg-2015-11-28_reduced_capacity,0.0,safe,False,idw_from_swmm_nodes,1.0,EPSG:4326,synthetic_pilot_network,"flood_depth_m is an IDW proxy from SWMM node depths, NOT measured road inundation depth."
road-,,reduced_capacity,imerg-2015-11-28_reduced_capacity,0.0,safe,False,idw_from_swmm_nodes,1.0,EPSG:4326,synthetic_pilot_network,"flood_depth_m is an IDW proxy from SWMM node depths, NOT measured road inundation depth."
road-,,reduced_capacity,imerg-2015-11-28_reduced_capacity,0.0,safe,False,idw_from_swmm_nodes,1.0,EPSG:4326,synthetic_pilot_network,"flood_depth_m is an IDW proxy from SWMM node depths, NOT measured road inundation depth."
road-,,reduced_capacity,imerg-2015-11-28_reduced_capacity,0.3107,likely,False,idw_from_swmm_nodes,5.0,EPSG:4326,synthetic_pilot_network,"flood_depth_m is an IDW proxy from SWMM node depths, NOT measured road inundation depth."
road-,,reduced_capacity,imerg-2015-11-28_reduced_capacity,0.0,safe,False,idw_from_swmm_nodes,1.0,EPSG:4326,synthetic_pilot_network,"flood_depth_m is an IDW proxy from SWMM node depths, NOT measured road inundation depth."
road-,,reduced_capacity,imerg-2015-11-28_reduced_capacity,0.0,safe,False,idw_from_swmm_nodes,1.0,EPSG:4326,synthetic_pilot_network,"flood_depth_m is an IDW proxy from SWMM node depths, NOT measured road inundation depth."
road-,,reduced_capacity,imerg-2015-11-28_reduced_capacity,0.0,safe,False,idw_from_swmm_nodes,1.0,EPSG:4326,synthetic_pilot_network,"flood_depth_m is an IDW proxy from SWMM node depths, NOT measured road inundation depth."
road-,,reduced_capacity,imerg-2015-11-28_reduced_capacity,0.0,safe,False,idw_from_swmm_nodes,1.0,EPSG:4326,synthetic_pilot_network,"flood_depth_m is an IDW proxy from SWMM node depths, NOT measured road inundation depth."
road-,,reduced_capacity,imerg-2015-11-28_reduced_capacity,0.0,safe,False,idw_from_swmm_nodes,1.0,EPSG:4326,synthetic_pilot_network,"flood_depth_m is an IDW proxy from SWMM node depths, NOT measured road inundation depth."
road-,,reduced_capacity,imerg-2015-11-28_reduced_capacity,0.0,safe,False,idw_from_swmm_nodes,1.0,EPSG:4326,synthetic_pilot_network,"flood_depth_m is an IDW proxy from SWMM node depths, NOT measured road inundation depth."
road-,,reduced_capacity,imerg-2015-11-28_reduced_capacity,0.0,safe,False,idw_from_swmm_nodes,1.0,EPSG:4326,synthetic_pilot_network,"flood_depth_m is an IDW proxy from SWMM node depths, NOT measured road inundation depth."
road-,,reduced_capacity,imerg-2015-11-28_reduced_capacity,0.0,safe,False,idw_from_swmm_nodes,1.0,EPSG:4326,synthetic_pilot_network,"flood_depth_m is an IDW proxy from SWMM node depths, NOT measured road inundation depth."
road-,,reduced_capacity,imerg-2015-11-28_reduced_capacity,0.3093,likely,False,idw_from_swmm_nodes,5.0,EPSG:4326,synthetic_pilot_network,"flood_depth_m is an IDW proxy from SWMM node depths, NOT measured road inundation depth."
road-,,reduced_capacity,imerg-2015-11-28_reduced_capacity,0.0,safe,False,idw_from_swmm_nodes,1.0,EPSG:4326,synthetic_pilot_network,"flood_depth_m is an IDW proxy from SWMM node depths, NOT measured road inundation depth."
road-,,reduced_capacity,imerg-2015-11-28_reduced_capacity,0.0,safe,False,idw_from_swmm_nodes,1.0,EPSG:4326,synthetic_pilot_network,"flood_depth_m is an IDW proxy from SWMM node depths, NOT measured road inundation depth."
road-,,reduced_capacity,imerg-2015-11-28_reduced_capacity,0.0,safe,False,idw_from_swmm_nodes,1.0,EPSG:4326,synthetic_pilot_network,"flood_depth_m is an IDW proxy from SWMM node depths, NOT measured road inundation depth."
road-,,reduced_capacity,imerg-2015-11-28_reduced_capacity,0.0,safe,False,idw_from_swmm_nodes,1.0,EPSG:4326,synthetic_pilot_network,"flood_depth_m is an IDW proxy from SWMM node depths, NOT measured road inundation depth."
road-,,reduced_capacity,imerg-2015-11-28_reduced_capacity,0.3213,likely,False,idw_from_swmm_nodes,5.0,EPSG:4326,synthetic_pilot_network,"flood_depth_m is an IDW proxy from SWMM node depths, NOT measured road inundation depth."
road-,,reduced_capacity,imerg-2015-11-28_reduced_capacity,0.3089,likely,False,idw_from_swmm_nodes,5.0,EPSG:4326,synthetic_pilot_network,"flood_depth_m is an IDW proxy from SWMM node depths, NOT measured road inundation depth."
road-,,reduced_capacity,imerg-2015-11-28_reduced_capacity,0.0,safe,False,idw_from_swmm_nodes,1.0,EPSG:4326,synthetic_pilot_network,"flood_depth_m is an IDW proxy from SWMM node depths, NOT measured road inundation depth."
road-,,reduced_capacity,imerg-2015-11-28_reduced_capacity,0.0,safe,False,idw_from_swmm_nodes,1.0,EPSG:4326,synthetic_pilot_network,"flood_depth_m is an IDW proxy from SWMM node depths, NOT measured road inundation depth."
road-,,reduced_capacity,imerg-2015-11-28_reduced_capacity,0.0,safe,False,idw_from_swmm_nodes,1.0,EPSG:4326,synthetic_pilot_network,"flood_depth_m is an IDW proxy from SWMM node depths, NOT measured road inundation depth."
road-,,reduced_capacity,imerg-2015-11-28_reduced_capacity,0.0,safe,False,idw_from_swmm_nodes,1.0,EPSG:4326,synthetic_pilot_network,"flood_depth_m is an IDW proxy from SWMM node depths, NOT measured road inundation depth."
road-,,reduced_capacity,imerg-2015-11-28_reduced_capacity,0.0,safe,False,idw_from_swmm_nodes,1.0,EPSG:4326,synthetic_pilot_network,"flood_depth_m is an IDW proxy from SWMM node depths, NOT measured road inundation depth."
road-,,reduced_capacity,imerg-2015-11-28_reduced_capacity,0.0,safe,False,idw_from_swmm_nodes,1.0,EPSG:4326,synthetic_pilot_network,"flood_depth_m is an IDW proxy from SWMM node depths, NOT measured road inundation depth."
road-,,reduced_capacity,imerg-2015-11-28_reduced_capacity,0.3147,likely,False,idw_from_swmm_nodes,5.0,EPSG:4326,synthetic_pilot_network,"flood_depth_m is an IDW proxy from SWMM node depths, NOT measured road inundation depth."
road-,,reduced_capacity,imerg-2015-11-28_reduced_capacity,0.0,safe,False,idw_from_swmm_nodes,1.0,EPSG:4326,synthetic_pilot_network,"flood_depth_m is an IDW proxy from SWMM node depths, NOT measured road inundation depth."
road-,,reduced_capacity,imerg-2015-11-28_reduced_capacity,0.0,safe,False,idw_from_swmm_nodes,1.0,EPSG:4326,synthetic_pilot_network,"flood_depth_m is an IDW proxy from SWMM node depths, NOT measured road inundation depth."
road-,,reduced_capacity,imerg-2015-11-28_reduced_capacity,0.0,safe,False,idw_from_swmm_nodes,1.0,EPSG:4326,synthetic_pilot_network,"flood_depth_m is an IDW proxy from SWMM node depths, NOT measured road inundation depth."
road-,,reduced_capacity,imerg-2015-11-28_reduced_capacity,0.0,safe,False,idw_from_swmm_nodes,1.0,EPSG:4326,synthetic_pilot_network,"flood_depth_m is an IDW proxy from SWMM node depths, NOT measured road inundation depth."
road-,,reduced_capacity,imerg-2015-11-28_reduced_capacity,0.0,safe,False,idw_from_swmm_nodes,1.0,EPSG:4326,synthetic_pilot_network,"flood_depth_m is an IDW proxy from SWMM node depths, NOT measured road inundation depth."
road-,,reduced_capacity,imerg-2015-11-28_reduced_capacity,0.0,safe,False,idw_from_swmm_nodes,1.0,EPSG:4326,synthetic_pilot_network,"flood_depth_m is an IDW proxy from SWMM node depths, NOT measured road inundation depth."
road-,,reduced_capacity,imerg-2015-11-28_reduced_capacity,0.0,safe,False,idw_from_swmm_nodes,1.0,EPSG:4326,synthetic_pilot_network,"flood_depth_m is an IDW proxy from SWMM node depths, NOT measured road inundation depth."
road-,,reduced_capacity,imerg-2015-11-28_reduced_capacity,0.0,safe,False,idw_from_swmm_nodes,1.0,EPSG:4326,synthetic_pilot_network,"flood_depth_m is an IDW proxy from SWMM node depths, NOT measured road inundation depth."
road-,,reduced_capacity,imerg-2015-11-28_reduced_capacity,0.0,safe,False,idw_from_swmm_nodes,1.0,EPSG:4326,synthetic_pilot_network,"flood_depth_m is an IDW proxy from SWMM node depths, NOT measured road inundation depth."
road-,,reduced_capacity,imerg-2015-11-28_reduced_capacity,0.0,safe,False,idw_from_swmm_nodes,1.0,EPSG:4326,synthetic_pilot_network,"flood_depth_m is an IDW proxy from SWMM node depths, NOT measured road inundation depth."
road-,,reduced_capacity,imerg-2015-11-28_reduced_capacity,0.0,safe,False,idw_from_swmm_nodes,1.0,EPSG:4326,synthetic_pilot_network,"flood_depth_m is an IDW proxy from SWMM node depths, NOT measured road inundation depth."
road-,,reduced_capacity,imerg-2015-11-28_reduced_capacity,0.0,safe,False,idw_from_swmm_nodes,1.0,EPSG:4326,synthetic_pilot_network,"flood_depth_m is an IDW proxy from SWMM node depths, NOT measured road inundation depth."
road-,,reduced_capacity,imerg-2015-11-28_reduced_capacity,0.0,safe,False,idw_from_swmm_nodes,1.0,EPSG:4326,synthetic_pilot_network,"flood_depth_m is an IDW proxy from SWMM node depths, NOT measured road inundation depth."
road-,,reduced_capacity,imerg-2015-11-28_reduced_capacity,0.0,safe,False,idw_from_swmm_nodes,1.0,EPSG:4326,synthetic_pilot_network,"flood_depth_m is an IDW proxy from SWMM node depths, NOT measured road inundation depth."
road-,,reduced_capacity,imerg-2015-11-28_reduced_capacity,0.0,safe,False,idw_from_swmm_nodes,1.0,EPSG:4326,synthetic_pilot_network,"flood_depth_m is an IDW proxy from SWMM node depths, NOT measured road inundation depth."
road-,,reduced_capacity,imerg-2015-11-28_reduced_capacity,0.0,safe,False,idw_from_swmm_nodes,1.0,EPSG:4326,synthetic_pilot_network,"flood_depth_m is an IDW proxy from SWMM node depths, NOT measured road inundation depth."
road-,,reduced_capacity,imerg-2015-11-28_reduced_capacity,0.0,safe,False,idw_from_swmm_nodes,1.0,EPSG:4326,synthetic_pilot_network,"flood_depth_m is an IDW proxy from SWMM node depths, NOT measured road inundation depth."
road-,,reduced_capacity,imerg-2015-11-28_reduced_capacity,0.0,safe,False,idw_from_swmm_nodes,1.0,EPSG:4326,synthetic_pilot_network,"flood_depth_m is an IDW proxy from SWMM node depths, NOT measured road inundation depth."
road-,,reduced_capacity,imerg-2015-11-28_reduced_capacity,0.0,safe,False,idw_from_swmm_nodes,1.0,EPSG:4326,synthetic_pilot_network,"flood_depth_m is an IDW proxy from SWMM node depths, NOT measured road inundation depth."
road-,,reduced_capacity,imerg-2015-11-28_reduced_capacity,0.0,safe,False,idw_from_swmm_nodes,1.0,EPSG:4326,synthetic_pilot_network,"flood_depth_m is an IDW proxy from SWMM node depths, NOT measured road inundation depth."
road-,,reduced_capacity,imerg-2015-11-28_reduced_capacity,0.3154,likely,False,idw_from_swmm_nodes,5.0,EPSG:4326,synthetic_pilot_network,"flood_depth_m is an IDW proxy from SWMM node depths, NOT measured road inundation depth."
road-,,reduced_capacity,imerg-2015-11-28_reduced_capacity,0.0,safe,False,idw_from_swmm_nodes,1.0,EPSG:4326,synthetic_pilot_network,"flood_depth_m is an IDW proxy from SWMM node depths, NOT measured road inundation depth."
road-,,reduced_capacity,imerg-2015-11-28_reduced_capacity,0.3197,likely,False,idw_from_swmm_nodes,5.0,EPSG:4326,synthetic_pilot_network,"flood_depth_m is an IDW proxy from SWMM node depths, NOT measured road inundation depth."
road-,,reduced_capacity,imerg-2015-11-28_reduced_capacity,0.3158,likely,False,idw_from_swmm_nodes,5.0,EPSG:4326,synthetic_pilot_network,"flood_depth_m is an IDW proxy from SWMM node depths, NOT measured road inundation depth."
road-,,reduced_capacity,imerg-2015-11-28_reduced_capacity,0.0,safe,False,idw_from_swmm_nodes,1.0,EPSG:4326,synthetic_pilot_network,"flood_depth_m is an IDW proxy from SWMM node depths, NOT measured road inundation depth."
road-,,reduced_capacity,imerg-2015-11-28_reduced_capacity,0.307,likely,False,idw_from_swmm_nodes,5.0,EPSG:4326,synthetic_pilot_network,"flood_depth_m is an IDW proxy from SWMM node depths, NOT measured road inundation depth."
road-,,reduced_capacity,imerg-2015-11-28_reduced_capacity,0.3132,likely,False,idw_from_swmm_nodes,5.0,EPSG:4326,synthetic_pilot_network,"flood_depth_m is an IDW proxy from SWMM node depths, NOT measured road inundation depth."
road-,,reduced_capacity,imerg-2015-11-28_reduced_capacity,0.0,safe,False,idw_from_swmm_nodes,1.0,EPSG:4326,synthetic_pilot_network,"flood_depth_m is an IDW proxy from SWMM node depths, NOT measured road inundation depth."
road-,,reduced_capacity,imerg-2015-11-28_reduced_capacity,0.0,safe,False,idw_from_swmm_nodes,1.0,EPSG:4326,synthetic_pilot_network,"flood_depth_m is an IDW proxy from SWMM node depths, NOT measured road inundation depth."
road-,,reduced_capacity,imerg-2015-11-28_reduced_capacity,0.0,safe,False,idw_from_swmm_nodes,1.0,EPSG:4326,synthetic_pilot_network,"flood_depth_m is an IDW proxy from SWMM node depths, NOT measured road inundation depth."
road-,,reduced_capacity,imerg-2015-11-28_reduced_capacity,0.0,safe,False,idw_from_swmm_nodes,1.0,EPSG:4326,synthetic_pilot_network,"flood_depth_m is an IDW proxy from SWMM node depths, NOT measured road inundation depth."
road-,,reduced_capacity,imerg-2015-11-28_reduced_capacity,0.0,safe,False,idw_from_swmm_nodes,1.0,EPSG:4326,synthetic_pilot_network,"flood_depth_m is an IDW proxy from SWMM node depths, NOT measured road inundation depth."
road-,,reduced_capacity,imerg-2015-11-28_reduced_capacity,0.0,safe,False,idw_from_swmm_nodes,1.0,EPSG:4326,synthetic_pilot_network,"flood_depth_m is an IDW proxy from SWMM node depths, NOT measured road inundation depth."
road-,,reduced_capacity,imerg-2015-11-28_reduced_capacity,0.0,safe,False,idw_from_swmm_nodes,1.0,EPSG:4326,synthetic_pilot_network,"flood_depth_m is an IDW proxy from SWMM node depths, NOT measured road inundation depth."
road-,,reduced_capacity,imerg-2015-11-28_reduced_capacity,0.0,safe,False,idw_from_swmm_nodes,1.0,EPSG:4326,synthetic_pilot_network,"flood_depth_m is an IDW proxy from SWMM node depths, NOT measured road inundation depth."
road-,,reduced_capacity,imerg-2015-11-28_reduced_capacity,0.0,safe,False,idw_from_swmm_nodes,1.0,EPSG:4326,synthetic_pilot_network,"flood_depth_m is an IDW proxy from SWMM node depths, NOT measured road inundation depth."
road-,,reduced_capacity,imerg-2015-11-28_reduced_capacity,0.0,safe,False,idw_from_swmm_nodes,1.0,EPSG:4326,synthetic_pilot_network,"flood_depth_m is an IDW proxy from SWMM node depths, NOT measured road inundation depth."
road-,,reduced_capacity,imerg-2015-11-28_reduced_capacity,0.0,safe,False,idw_from_swmm_nodes,1.0,EPSG:4326,synthetic_pilot_network,"flood_depth_m is an IDW proxy from SWMM node depths, NOT measured road inundation depth."
road-,,reduced_capacity,imerg-2015-11-28_reduced_capacity,0.0,safe,False,idw_from_swmm_nodes,1.0,EPSG:4326,synthetic_pilot_network,"flood_depth_m is an IDW proxy from SWMM node depths, NOT measured road inundation depth."
road-,,reduced_capacity,imerg-2015-11-28_reduced_capacity,0.0,safe,False,idw_from_swmm_nodes,1.0,EPSG:4326,synthetic_pilot_network,"flood_depth_m is an IDW proxy from SWMM node depths, NOT measured road inundation depth."
road-,,reduced_capacity,imerg-2015-11-28_reduced_capacity,0.0,safe,False,idw_from_swmm_nodes,1.0,EPSG:4326,synthetic_pilot_network,"flood_depth_m is an IDW proxy from SWMM node depths, NOT measured road inundation depth."
road-,,reduced_capacity,imerg-2015-11-28_reduced_capacity,0.0,safe,False,idw_from_swmm_nodes,1.0,EPSG:4326,synthetic_pilot_network,"flood_depth_m is an IDW proxy from SWMM node depths, NOT measured road inundation depth."
road-,,reduced_capacity,imerg-2015-11-28_reduced_capacity,0.0,safe,False,idw_from_swmm_nodes,1.0,EPSG:4326,synthetic_pilot_network,"flood_depth_m is an IDW proxy from SWMM node depths, NOT measured road inundation depth."
road-,,reduced_capacity,imerg-2015-11-28_reduced_capacity,0.0,safe,False,idw_from_swmm_nodes,1.0,EPSG:4326,synthetic_pilot_network,"flood_depth_m is an IDW proxy from SWMM node depths, NOT measured road inundation depth."
road-,,reduced_capacity,imerg-2015-11-28_reduced_capacity,0.36,likely,False,idw_from_swmm_nodes,5.0,EPSG:4326,synthetic_pilot_network,"flood_depth_m is an IDW proxy from SWMM node depths, NOT measured road inundation depth."
road-,,reduced_capacity,imerg-2015-11-28_reduced_capacity,0.0,safe,False,idw_from_swmm_nodes,1.0,EPSG:4326,synthetic_pilot_network,"flood_depth_m is an IDW proxy from SWMM node depths, NOT measured road inundation depth."
road-,,reduced_capacity,imerg-2015-11-28_reduced_capacity,0.0,safe,False,idw_from_swmm_nodes,1.0,EPSG:4326,synthetic_pilot_network,"flood_depth_m is an IDW proxy from SWMM node depths, NOT measured road inundation depth."
road-,,reduced_capacity,imerg-2015-11-28_reduced_capacity,0.0,safe,False,idw_from_swmm_nodes,1.0,EPSG:4326,synthetic_pilot_network,"flood_depth_m is an IDW proxy from SWMM node depths, NOT measured road inundation depth."
road-,,reduced_capacity,imerg-2015-11-28_reduced_capacity,0.0,safe,False,idw_from_swmm_nodes,1.0,EPSG:4326,synthetic_pilot_network,"flood_depth_m is an IDW proxy from SWMM node depths, NOT measured road inundation depth."
road-,,reduced_capacity,imerg-2015-11-28_reduced_capacity,0.0,safe,False,idw_from_swmm_nodes,1.0,EPSG:4326,synthetic_pilot_network,"flood_depth_m is an IDW proxy from SWMM node depths, NOT measured road inundation depth."
road-,,reduced_capacity,imerg-2015-11-28_reduced_capacity,0.0,safe,False,idw_from_swmm_nodes,1.0,EPSG:4326,synthetic_pilot_network,"flood_depth_m is an IDW proxy from SWMM node depths, NOT measured road inundation depth."
road-,,reduced_capacity,imerg-2015-11-28_reduced_capacity,0.0,safe,False,idw_from_swmm_nodes,1.0,EPSG:4326,synthetic_pilot_network,"flood_depth_m is an IDW proxy from SWMM node depths, NOT measured road inundation depth."
road-,,reduced_capacity,imerg-2015-11-28_reduced_capacity,0.0,safe,False,idw_from_swmm_nodes,1.0,EPSG:4326,synthetic_pilot_network,"flood_depth_m is an IDW proxy from SWMM node depths, NOT measured road inundation depth."
road-,,reduced_capacity,imerg-2015-11-28_reduced_capacity,0.0,safe,False,idw_from_swmm_nodes,1.0,EPSG:4326,synthetic_pilot_network,"flood_depth_m is an IDW proxy from SWMM node depths, NOT measured road inundation depth."
road-,,reduced_capacity,imerg-2015-11-28_reduced_capacity,0.0,safe,False,idw_from_swmm_nodes,1.0,EPSG:4326,synthetic_pilot_network,"flood_depth_m is an IDW proxy from SWMM node depths, NOT measured road inundation depth."
road-,,reduced_capacity,imerg-2015-11-28_reduced_capacity,0.0,safe,False,idw_from_swmm_nodes,1.0,EPSG:4326,synthetic_pilot_network,"flood_depth_m is an IDW proxy from SWMM node depths, NOT measured road inundation depth."
road-,,reduced_capacity,imerg-2015-11-28_reduced_capacity,0.0,safe,False,idw_from_swmm_nodes,1.0,EPSG:4326,synthetic_pilot_network,"flood_depth_m is an IDW proxy from SWMM node depths, NOT measured road inundation depth."
road-,,reduced_capacity,imerg-2015-11-28_reduced_capacity,0.0,safe,False,idw_from_swmm_nodes,1.0,EPSG:4326,synthetic_pilot_network,"flood_depth_m is an IDW proxy from SWMM node depths, NOT measured road inundation depth."
road-,,reduced_capacity,imerg-2015-11-28_reduced_capacity,0.0,safe,False,idw_from_swmm_nodes,1.0,EPSG:4326,synthetic_pilot_network,"flood_depth_m is an IDW proxy from SWMM node depths, NOT measured road inundation depth."
road-,,reduced_capacity,imerg-2015-11-28_reduced_capacity,0.0,safe,False,idw_from_swmm_nodes,1.0,EPSG:4326,synthetic_pilot_network,"flood_depth_m is an IDW proxy from SWMM node depths, NOT measured road inundation depth."
road-,,reduced_capacity,imerg-2015-11-28_reduced_capacity,0.0,safe,False,idw_from_swmm_nodes,1.0,EPSG:4326,synthetic_pilot_network,"flood_depth_m is an IDW proxy from SWMM node depths, NOT measured road inundation depth."
road-,,reduced_capacity,imerg-2015-11-28_reduced_capacity,0.0,safe,False,idw_from_swmm_nodes,1.0,EPSG:4326,synthetic_pilot_network,"flood_depth_m is an IDW proxy from SWMM node depths, NOT measured road inundation depth."
road-,,reduced_capacity,imerg-2015-11-28_reduced_capacity,0.0,safe,False,idw_from_swmm_nodes,1.0,EPSG:4326,synthetic_pilot_network,"flood_depth_m is an IDW proxy from SWMM node depths, NOT measured road inundation depth."
road-,,reduced_capacity,imerg-2015-11-28_reduced_capacity,0.0,safe,False,idw_from_swmm_nodes,1.0,EPSG:4326,synthetic_pilot_network,"flood_depth_m is an IDW proxy from SWMM node depths, NOT measured road inundation depth."
road-,,reduced_capacity,imerg-2015-11-28_reduced_capacity,0.0,safe,False,idw_from_swmm_nodes,1.0,EPSG:4326,synthetic_pilot_network,"flood_depth_m is an IDW proxy from SWMM node depths, NOT measured road inundation depth."
road-,,reduced_capacity,imerg-2015-11-28_reduced_capacity,0.0,safe,False,idw_from_swmm_nodes,1.0,EPSG:4326,synthetic_pilot_network,"flood_depth_m is an IDW proxy from SWMM node depths, NOT measured road inundation depth."
road-,,reduced_capacity,imerg-2015-11-28_reduced_capacity,0.0,safe,False,idw_from_swmm_nodes,1.0,EPSG:4326,synthetic_pilot_network,"flood_depth_m is an IDW proxy from SWMM node depths, NOT measured road inundation depth."
road-,,reduced_capacity,imerg-2015-11-28_reduced_capacity,0.0,safe,False,idw_from_swmm_nodes,1.0,EPSG:4326,synthetic_pilot_network,"flood_depth_m is an IDW proxy from SWMM node depths, NOT measured road inundation depth."
road-,,reduced_capacity,imerg-2015-11-28_reduced_capacity,0.0,safe,False,idw_from_swmm_nodes,1.0,EPSG:4326,synthetic_pilot_network,"flood_depth_m is an IDW proxy from SWMM node depths, NOT measured road inundation depth."
road-,,reduced_capacity,imerg-2015-11-28_reduced_capacity,0.0,safe,False,idw_from_swmm_nodes,1.0,EPSG:4326,synthetic_pilot_network,"flood_depth_m is an IDW proxy from SWMM node depths, NOT measured road inundation depth."
road-,,reduced_capacity,imerg-2015-11-28_reduced_capacity,0.0,safe,False,idw_from_swmm_nodes,1.0,EPSG:4326,synthetic_pilot_network,"flood_depth_m is an IDW proxy from SWMM node depths, NOT measured road inundation depth."
road-,,reduced_capacity,imerg-2015-11-28_reduced_capacity,0.0,safe,False,idw_from_swmm_nodes,1.0,EPSG:4326,synthetic_pilot_network,"flood_depth_m is an IDW proxy from SWMM node depths, NOT measured road inundation depth."
road-,,reduced_capacity,imerg-2015-11-28_reduced_capacity,0.0,safe,False,idw_from_swmm_nodes,1.0,EPSG:4326,synthetic_pilot_network,"flood_depth_m is an IDW proxy from SWMM node depths, NOT measured road inundation depth."
road-,,reduced_capacity,imerg-2015-11-28_reduced_capacity,0.0,safe,False,idw_from_swmm_nodes,1.0,EPSG:4326,synthetic_pilot_network,"flood_depth_m is an IDW proxy from SWMM node depths, NOT measured road inundation depth."
road-,,reduced_capacity,imerg-2015-11-28_reduced_capacity,0.0,safe,False,idw_from_swmm_nodes,1.0,EPSG:4326,synthetic_pilot_network,"flood_depth_m is an IDW proxy from SWMM node depths, NOT measured road inundation depth."
road-,,reduced_capacity,imerg-2015-11-28_reduced_capacity,0.0,safe,False,idw_from_swmm_nodes,1.0,EPSG:4326,synthetic_pilot_network,"flood_depth_m is an IDW proxy from SWMM node depths, NOT measured road inundation depth."
road-,,reduced_capacity,imerg-2015-11-28_reduced_capacity,0.3129,likely,False,idw_from_swmm_nodes,5.0,EPSG:4326,synthetic_pilot_network,"flood_depth_m is an IDW proxy from SWMM node depths, NOT measured road inundation depth."
road-,,reduced_capacity,imerg-2015-11-28_reduced_capacity,0.0,safe,False,idw_from_swmm_nodes,1.0,EPSG:4326,synthetic_pilot_network,"flood_depth_m is an IDW proxy from SWMM node depths, NOT measured road inundation depth."
road-,,reduced_capacity,imerg-2015-11-28_reduced_capacity,0.0,safe,False,idw_from_swmm_nodes,1.0,EPSG:4326,synthetic_pilot_network,"flood_depth_m is an IDW proxy from SWMM node depths, NOT measured road inundation depth."
road-,,reduced_capacity,imerg-2015-11-28_reduced_capacity,0.29,likely,False,idw_from_swmm_nodes,5.0,EPSG:4326,synthetic_pilot_network,"flood_depth_m is an IDW proxy from SWMM node depths, NOT measured road inundation depth."
road-,,reduced_capacity,imerg-2015-11-28_reduced_capacity,0.3166,likely,False,idw_from_swmm_nodes,5.0,EPSG:4326,synthetic_pilot_network,"flood_depth_m is an IDW proxy from SWMM node depths, NOT measured road inundation depth."
road-,,reduced_capacity,imerg-2015-11-28_reduced_capacity,0.0,safe,False,idw_from_swmm_nodes,1.0,EPSG:4326,synthetic_pilot_network,"flood_depth_m is an IDW proxy from SWMM node depths, NOT measured road inundation depth."
road-,,reduced_capacity,imerg-2015-11-28_reduced_capacity,0.0,safe,False,idw_from_swmm_nodes,1.0,EPSG:4326,synthetic_pilot_network,"flood_depth_m is an IDW proxy from SWMM node depths, NOT measured road inundation depth."
road-,,reduced_capacity,imerg-2015-11-28_reduced_capacity,0.0,safe,False,idw_from_swmm_nodes,1.0,EPSG:4326,synthetic_pilot_network,"flood_depth_m is an IDW proxy from SWMM node depths, NOT measured road inundation depth."
road-,,reduced_capacity,imerg-2015-11-28_reduced_capacity,0.0,safe,False,idw_from_swmm_nodes,1.0,EPSG:4326,synthetic_pilot_network,"flood_depth_m is an IDW proxy from SWMM node depths, NOT measured road inundation depth."
road-,,reduced_capacity,imerg-2015-11-28_reduced_capacity,0.0,safe,False,idw_from_swmm_nodes,1.0,EPSG:4326,synthetic_pilot_network,"flood_depth_m is an IDW proxy from SWMM node depths, NOT measured road inundation depth."
road-,,reduced_capacity,imerg-2015-11-28_reduced_capacity,0.0,safe,False,idw_from_swmm_nodes,1.0,EPSG:4326,synthetic_pilot_network,"flood_depth_m is an IDW proxy from SWMM node depths, NOT measured road inundation depth."
road-,,reduced_capacity,imerg-2015-11-28_reduced_capacity,0.0,safe,False,idw_from_swmm_nodes,1.0,EPSG:4326,synthetic_pilot_network,"flood_depth_m is an IDW proxy from SWMM node depths, NOT measured road inundation depth."
road-,,reduced_capacity,imerg-2015-11-28_reduced_capacity,0.0,safe,False,idw_from_swmm_nodes,1.0,EPSG:4326,synthetic_pilot_network,"flood_depth_m is an IDW proxy from SWMM node depths, NOT measured road inundation depth."
road-,,reduced_capacity,imerg-2015-11-28_reduced_capacity,0.3188,likely,False,idw_from_swmm_nodes,5.0,EPSG:4326,synthetic_pilot_network,"flood_depth_m is an IDW proxy from SWMM node depths, NOT measured road inundation depth."
road-,,reduced_capacity,imerg-2015-11-28_reduced_capacity,0.0,safe,False,idw_from_swmm_nodes,1.0,EPSG:4326,synthetic_pilot_network,"flood_depth_m is an IDW proxy from SWMM node depths, NOT measured road inundation depth."
road-,,reduced_capacity,imerg-2015-11-28_reduced_capacity,0.0,safe,False,idw_from_swmm_nodes,1.0,EPSG:4326,synthetic_pilot_network,"flood_depth_m is an IDW proxy from SWMM node depths, NOT measured road inundation depth."
road-,,reduced_capacity,imerg-2015-11-28_reduced_capacity,0.0,safe,False,idw_from_swmm_nodes,1.0,EPSG:4326,synthetic_pilot_network,"flood_depth_m is an IDW proxy from SWMM node depths, NOT measured road inundation depth."
road-,,reduced_capacity,imerg-2015-11-28_reduced_capacity,0.0,safe,False,idw_from_swmm_nodes,1.0,EPSG:4326,synthetic_pilot_network,"flood_depth_m is an IDW proxy from SWMM node depths, NOT measured road inundation depth."
road-,,reduced_capacity,imerg-2015-11-28_reduced_capacity,0.0,safe,False,idw_from_swmm_nodes,1.0,EPSG:4326,synthetic_pilot_network,"flood_depth_m is an IDW proxy from SWMM node depths, NOT measured road inundation depth."
road-,,reduced_capacity,imerg-2015-11-28_reduced_capacity,0.0,safe,False,idw_from_swmm_nodes,1.0,EPSG:4326,synthetic_pilot_network,"flood_depth_m is an IDW proxy from SWMM node depths, NOT measured road inundation depth."
road-,,reduced_capacity,imerg-2015-11-28_reduced_capacity,0.0,safe,False,idw_from_swmm_nodes,1.0,EPSG:4326,synthetic_pilot_network,"flood_depth_m is an IDW proxy from SWMM node depths, NOT measured road inundation depth."
road-,,reduced_capacity,imerg-2015-11-28_reduced_capacity,0.0,safe,False,idw_from_swmm_nodes,1.0,EPSG:4326,synthetic_pilot_network,"flood_depth_m is an IDW proxy from SWMM node depths, NOT measured road inundation depth."
road-,,reduced_capacity,imerg-2015-11-28_reduced_capacity,0.3096,likely,False,idw_from_swmm_nodes,5.0,EPSG:4326,synthetic_pilot_network,"flood_depth_m is an IDW proxy from SWMM node depths, NOT measured road inundation depth."
road-,,reduced_capacity,imerg-2015-11-28_reduced_capacity,0.0,safe,False,idw_from_swmm_nodes,1.0,EPSG:4326,synthetic_pilot_network,"flood_depth_m is an IDW proxy from SWMM node depths, NOT measured road inundation depth."
road-,,reduced_capacity,imerg-2015-11-28_reduced_capacity,0.0,safe,False,idw_from_swmm_nodes,1.0,EPSG:4326,synthetic_pilot_network,"flood_depth_m is an IDW proxy from SWMM node depths, NOT measured road inundation depth."
road-,,reduced_capacity,imerg-2015-11-28_reduced_capacity,0.0,safe,False,idw_from_swmm_nodes,1.0,EPSG:4326,synthetic_pilot_network,"flood_depth_m is an IDW proxy from SWMM node depths, NOT measured road inundation depth."
road-,,reduced_capacity,imerg-2015-11-28_reduced_capacity,0.0,safe,False,idw_from_swmm_nodes,1.0,EPSG:4326,synthetic_pilot_network,"flood_depth_m is an IDW proxy from SWMM node depths, NOT measured road inundation depth."
road-,,reduced_capacity,imerg-2015-11-28_reduced_capacity,0.3099,likely,False,idw_from_swmm_nodes,5.0,EPSG:4326,synthetic_pilot_network,"flood_depth_m is an IDW proxy from SWMM node depths, NOT measured road inundation depth."
road-,,reduced_capacity,imerg-2015-11-28_reduced_capacity,0.0,safe,False,idw_from_swmm_nodes,1.0,EPSG:4326,synthetic_pilot_network,"flood_depth_m is an IDW proxy from SWMM node depths, NOT measured road inundation depth."
road-,,reduced_capacity,imerg-2015-11-28_reduced_capacity,0.0,safe,False,idw_from_swmm_nodes,1.0,EPSG:4326,synthetic_pilot_network,"flood_depth_m is an IDW proxy from SWMM node depths, NOT measured road inundation depth."
road-,,reduced_capacity,imerg-2015-11-28_reduced_capacity,0.0,safe,False,idw_from_swmm_nodes,1.0,EPSG:4326,synthetic_pilot_network,"flood_depth_m is an IDW proxy from SWMM node depths, NOT measured road inundation depth."
road-,,reduced_capacity,imerg-2015-11-28_reduced_capacity,0.0,safe,False,idw_from_swmm_nodes,1.0,EPSG:4326,synthetic_pilot_network,"flood_depth_m is an IDW proxy from SWMM node depths, NOT measured road inundation depth."
road-,,reduced_capacity,imerg-2015-11-28_reduced_capacity,0.3127,likely,False,idw_from_swmm_nodes,5.0,EPSG:4326,synthetic_pilot_network,"flood_depth_m is an IDW proxy from SWMM node depths, NOT measured road inundation depth."
road-,,reduced_capacity,imerg-2015-11-28_reduced_capacity,0.0,safe,False,idw_from_swmm_nodes,1.0,EPSG:4326,synthetic_pilot_network,"flood_depth_m is an IDW proxy from SWMM node depths, NOT measured road inundation depth."
road-,,reduced_capacity,imerg-2015-11-28_reduced_capacity,0.0,safe,False,idw_from_swmm_nodes,1.0,EPSG:4326,synthetic_pilot_network,"flood_depth_m is an IDW proxy from SWMM node depths, NOT measured road inundation depth."
road-,,reduced_capacity,imerg-2015-11-28_reduced_capacity,0.0,safe,False,idw_from_swmm_nodes,1.0,EPSG:4326,synthetic_pilot_network,"flood_depth_m is an IDW proxy from SWMM node depths, NOT measured road inundation depth."
road-,,reduced_capacity,imerg-2015-11-28_reduced_capacity,0.3206,likely,False,idw_from_swmm_nodes,5.0,EPSG:4326,synthetic_pilot_network,"flood_depth_m is an IDW proxy from SWMM node depths, NOT measured road inundation depth."
road-,,reduced_capacity,imerg-2015-11-28_reduced_capacity,0.0,safe,False,idw_from_swmm_nodes,1.0,EPSG:4326,synthetic_pilot_network,"flood_depth_m is an IDW proxy from SWMM node depths, NOT measured road inundation depth."
road-,,reduced_capacity,imerg-2015-11-28_reduced_capacity,0.29,likely,False,idw_from_swmm_nodes,5.0,EPSG:4326,synthetic_pilot_network,"flood_depth_m is an IDW proxy from SWMM node depths, NOT measured road inundation depth."
road-,,reduced_capacity,imerg-2015-11-28_reduced_capacity,0.0,safe,False,idw_from_swmm_nodes,1.0,EPSG:4326,synthetic_pilot_network,"flood_depth_m is an IDW proxy from SWMM node depths, NOT measured road inundation depth."
road-,,reduced_capacity,imerg-2015-11-28_reduced_capacity,0.0,safe,False,idw_from_swmm_nodes,1.0,EPSG:4326,synthetic_pilot_network,"flood_depth_m is an IDW proxy from SWMM node depths, NOT measured road inundation depth."
road-,,reduced_capacity,imerg-2015-11-28_reduced_capacity,0.0,safe,False,idw_from_swmm_nodes,1.0,EPSG:4326,synthetic_pilot_network,"flood_depth_m is an IDW proxy from SWMM node depths, NOT measured road inundation depth."
road-,,reduced_capacity,imerg-2015-11-28_reduced_capacity,0.0,safe,False,idw_from_swmm_nodes,1.0,EPSG:4326,synthetic_pilot_network,"flood_depth_m is an IDW proxy from SWMM node depths, NOT measured road inundation depth."
road-,,reduced_capacity,imerg-2015-11-28_reduced_capacity,0.0,safe,False,idw_from_swmm_nodes,1.0,EPSG:4326,synthetic_pilot_network,"flood_depth_m is an IDW proxy from SWMM node depths, NOT measured road inundation depth."
road-,,reduced_capacity,imerg-2015-11-28_reduced_capacity,0.0,safe,False,idw_from_swmm_nodes,1.0,EPSG:4326,synthetic_pilot_network,"flood_depth_m is an IDW proxy from SWMM node depths, NOT measured road inundation depth."
road-,,reduced_capacity,imerg-2015-11-28_reduced_capacity,0.29,likely,False,idw_from_swmm_nodes,5.0,EPSG:4326,synthetic_pilot_network,"flood_depth_m is an IDW proxy from SWMM node depths, NOT measured road inundation depth."
road-,,reduced_capacity,imerg-2015-11-28_reduced_capacity,0.0,safe,False,idw_from_swmm_nodes,1.0,EPSG:4326,synthetic_pilot_network,"flood_depth_m is an IDW proxy from SWMM node depths, NOT measured road inundation depth."
road-,,reduced_capacity,imerg-2015-11-28_reduced_capacity,0.0,safe,False,idw_from_swmm_nodes,1.0,EPSG:4326,synthetic_pilot_network,"flood_depth_m is an IDW proxy from SWMM node depths, NOT measured road inundation depth."
road-,,reduced_capacity,imerg-2015-11-28_reduced_capacity,0.0,safe,False,idw_from_swmm_nodes,1.0,EPSG:4326,synthetic_pilot_network,"flood_depth_m is an IDW proxy from SWMM node depths, NOT measured road inundation depth."
road-,,reduced_capacity,imerg-2015-11-28_reduced_capacity,0.3185,likely,False,idw_from_swmm_nodes,5.0,EPSG:4326,synthetic_pilot_network,"flood_depth_m is an IDW proxy from SWMM node depths, NOT measured road inundation depth."
road-,,reduced_capacity,imerg-2015-11-28_reduced_capacity,0.0,safe,False,idw_from_swmm_nodes,1.0,EPSG:4326,synthetic_pilot_network,"flood_depth_m is an IDW proxy from SWMM node depths, NOT measured road inundation depth."
road-,,reduced_capacity,imerg-2015-11-28_reduced_capacity,0.0,safe,False,idw_from_swmm_nodes,1.0,EPSG:4326,synthetic_pilot_network,"flood_depth_m is an IDW proxy from SWMM node depths, NOT measured road inundation depth."
road-,,reduced_capacity,imerg-2015-11-28_reduced_capacity,0.0,safe,False,idw_from_swmm_nodes,1.0,EPSG:4326,synthetic_pilot_network,"flood_depth_m is an IDW proxy from SWMM node depths, NOT measured road inundation depth."
road-,,reduced_capacity,imerg-2015-11-28_reduced_capacity,0.0,safe,False,idw_from_swmm_nodes,1.0,EPSG:4326,synthetic_pilot_network,"flood_depth_m is an IDW proxy from SWMM node depths, NOT measured road inundation depth."
road-,,reduced_capacity,imerg-2015-11-28_reduced_capacity,0.0,safe,False,idw_from_swmm_nodes,1.0,EPSG:4326,synthetic_pilot_network,"flood_depth_m is an IDW proxy from SWMM node depths, NOT measured road inundation depth."
road-,,reduced_capacity,imerg-2015-11-28_reduced_capacity,0.309,likely,False,idw_from_swmm_nodes,5.0,EPSG:4326,synthetic_pilot_network,"flood_depth_m is an IDW proxy from SWMM node depths, NOT measured road inundation depth."
road-,,severe_blockage,imerg-2015-11-28_severe_blockage,0.0,safe,False,idw_from_swmm_nodes,1.0,EPSG:4326,synthetic_pilot_network,"flood_depth_m is an IDW proxy from SWMM node depths, NOT measured road inundation depth."
road-,,severe_blockage,imerg-2015-11-28_severe_blockage,0.0,safe,False,idw_from_swmm_nodes,1.0,EPSG:4326,synthetic_pilot_network,"flood_depth_m is an IDW proxy from SWMM node depths, NOT measured road inundation depth."
road-,,severe_blockage,imerg-2015-11-28_severe_blockage,0.3731,likely,False,idw_from_swmm_nodes,5.0,EPSG:4326,synthetic_pilot_network,"flood_depth_m is an IDW proxy from SWMM node depths, NOT measured road inundation depth."
road-,,severe_blockage,imerg-2015-11-28_severe_blockage,0.0,safe,False,idw_from_swmm_nodes,1.0,EPSG:4326,synthetic_pilot_network,"flood_depth_m is an IDW proxy from SWMM node depths, NOT measured road inundation depth."
road-,,severe_blockage,imerg-2015-11-28_severe_blockage,0.0,safe,False,idw_from_swmm_nodes,1.0,EPSG:4326,synthetic_pilot_network,"flood_depth_m is an IDW proxy from SWMM node depths, NOT measured road inundation depth."
road-,,severe_blockage,imerg-2015-11-28_severe_blockage,0.0,safe,False,idw_from_swmm_nodes,1.0,EPSG:4326,synthetic_pilot_network,"flood_depth_m is an IDW proxy from SWMM node depths, NOT measured road inundation depth."
road-,,severe_blockage,imerg-2015-11-28_severe_blockage,0.0,safe,False,idw_from_swmm_nodes,1.0,EPSG:4326,synthetic_pilot_network,"flood_depth_m is an IDW proxy from SWMM node depths, NOT measured road inundation depth."
road-,,severe_blockage,imerg-2015-11-28_severe_blockage,0.0,safe,False,idw_from_swmm_nodes,1.0,EPSG:4326,synthetic_pilot_network,"flood_depth_m is an IDW proxy from SWMM node depths, NOT measured road inundation depth."
road-,,severe_blockage,imerg-2015-11-28_severe_blockage,0.0,safe,False,idw_from_swmm_nodes,1.0,EPSG:4326,synthetic_pilot_network,"flood_depth_m is an IDW proxy from SWMM node depths, NOT measured road inundation depth."
road-,,severe_blockage,imerg-2015-11-28_severe_blockage,0.0,safe,False,idw_from_swmm_nodes,1.0,EPSG:4326,synthetic_pilot_network,"flood_depth_m is an IDW proxy from SWMM node depths, NOT measured road inundation depth."
road-,,severe_blockage,imerg-2015-11-28_severe_blockage,0.0,safe,False,idw_from_swmm_nodes,1.0,EPSG:4326,synthetic_pilot_network,"flood_depth_m is an IDW proxy from SWMM node depths, NOT measured road inundation depth."
road-,,severe_blockage,imerg-2015-11-28_severe_blockage,0.3762,likely,False,idw_from_swmm_nodes,5.0,EPSG:4326,synthetic_pilot_network,"flood_depth_m is an IDW proxy from SWMM node depths, NOT measured road inundation depth."
road-,,severe_blockage,imerg-2015-11-28_severe_blockage,0.0,safe,False,idw_from_swmm_nodes,1.0,EPSG:4326,synthetic_pilot_network,"flood_depth_m is an IDW proxy from SWMM node depths, NOT measured road inundation depth."
road-,,severe_blockage,imerg-2015-11-28_severe_blockage,0.3818,likely,False,idw_from_swmm_nodes,5.0,EPSG:4326,synthetic_pilot_network,"flood_depth_m is an IDW proxy from SWMM node depths, NOT measured road inundation depth."
road-,,severe_blockage,imerg-2015-11-28_severe_blockage,0.0,safe,False,idw_from_swmm_nodes,1.0,EPSG:4326,synthetic_pilot_network,"flood_depth_m is an IDW proxy from SWMM node depths, NOT measured road inundation depth."
road-,,severe_blockage,imerg-2015-11-28_severe_blockage,0.0,safe,False,idw_from_swmm_nodes,1.0,EPSG:4326,synthetic_pilot_network,"flood_depth_m is an IDW proxy from SWMM node depths, NOT measured road inundation depth."
road-,,severe_blockage,imerg-2015-11-28_severe_blockage,0.0,safe,False,idw_from_swmm_nodes,1.0,EPSG:4326,synthetic_pilot_network,"flood_depth_m is an IDW proxy from SWMM node depths, NOT measured road inundation depth."
road-,,severe_blockage,imerg-2015-11-28_severe_blockage,0.0,safe,False,idw_from_swmm_nodes,1.0,EPSG:4326,synthetic_pilot_network,"flood_depth_m is an IDW proxy from SWMM node depths, NOT measured road inundation depth."
road-,,severe_blockage,imerg-2015-11-28_severe_blockage,0.0,safe,False,idw_from_swmm_nodes,1.0,EPSG:4326,synthetic_pilot_network,"flood_depth_m is an IDW proxy from SWMM node depths, NOT measured road inundation depth."
road-,,severe_blockage,imerg-2015-11-28_severe_blockage,0.0,safe,False,idw_from_swmm_nodes,1.0,EPSG:4326,synthetic_pilot_network,"flood_depth_m is an IDW proxy from SWMM node depths, NOT measured road inundation depth."
road-,,severe_blockage,imerg-2015-11-28_severe_blockage,0.0,safe,False,idw_from_swmm_nodes,1.0,EPSG:4326,synthetic_pilot_network,"flood_depth_m is an IDW proxy from SWMM node depths, NOT measured road inundation depth."
road-,,severe_blockage,imerg-2015-11-28_severe_blockage,0.3791,likely,False,idw_from_swmm_nodes,5.0,EPSG:4326,synthetic_pilot_network,"flood_depth_m is an IDW proxy from SWMM node depths, NOT measured road inundation depth."
road-,,severe_blockage,imerg-2015-11-28_severe_blockage,0.0,safe,False,idw_from_swmm_nodes,1.0,EPSG:4326,synthetic_pilot_network,"flood_depth_m is an IDW proxy from SWMM node depths, NOT measured road inundation depth."
road-,,severe_blockage,imerg-2015-11-28_severe_blockage,0.0,safe,False,idw_from_swmm_nodes,1.0,EPSG:4326,synthetic_pilot_network,"flood_depth_m is an IDW proxy from SWMM node depths, NOT measured road inundation depth."
road-,,severe_blockage,imerg-2015-11-28_severe_blockage,0.0,safe,False,idw_from_swmm_nodes,1.0,EPSG:4326,synthetic_pilot_network,"flood_depth_m is an IDW proxy from SWMM node depths, NOT measured road inundation depth."
road-,,severe_blockage,imerg-2015-11-28_severe_blockage,0.0,safe,False,idw_from_swmm_nodes,1.0,EPSG:4326,synthetic_pilot_network,"flood_depth_m is an IDW proxy from SWMM node depths, NOT measured road inundation depth."
road-,,severe_blockage,imerg-2015-11-28_severe_blockage,0.0,safe,False,idw_from_swmm_nodes,1.0,EPSG:4326,synthetic_pilot_network,"flood_depth_m is an IDW proxy from SWMM node depths, NOT measured road inundation depth."
road-,,severe_blockage,imerg-2015-11-28_severe_blockage,0.0,safe,False,idw_from_swmm_nodes,1.0,EPSG:4326,synthetic_pilot_network,"flood_depth_m is an IDW proxy from SWMM node depths, NOT measured road inundation depth."
road-,,severe_blockage,imerg-2015-11-28_severe_blockage,0.0,safe,False,idw_from_swmm_nodes,1.0,EPSG:4326,synthetic_pilot_network,"flood_depth_m is an IDW proxy from SWMM node depths, NOT measured road inundation depth."
road-,,severe_blockage,imerg-2015-11-28_severe_blockage,0.0,safe,False,idw_from_swmm_nodes,1.0,EPSG:4326,synthetic_pilot_network,"flood_depth_m is an IDW proxy from SWMM node depths, NOT measured road inundation depth."
road-,,severe_blockage,imerg-2015-11-28_severe_blockage,0.0,safe,False,idw_from_swmm_nodes,1.0,EPSG:4326,synthetic_pilot_network,"flood_depth_m is an IDW proxy from SWMM node depths, NOT measured road inundation depth."
road-,,severe_blockage,imerg-2015-11-28_severe_blockage,0.0,safe,False,idw_from_swmm_nodes,1.0,EPSG:4326,synthetic_pilot_network,"flood_depth_m is an IDW proxy from SWMM node depths, NOT measured road inundation depth."
road-,,severe_blockage,imerg-2015-11-28_severe_blockage,0.3936,likely,False,idw_from_swmm_nodes,5.0,EPSG:4326,synthetic_pilot_network,"flood_depth_m is an IDW proxy from SWMM node depths, NOT measured road inundation depth."
road-,,severe_blockage,imerg-2015-11-28_severe_blockage,0.0,safe,False,idw_from_swmm_nodes,1.0,EPSG:4326,synthetic_pilot_network,"flood_depth_m is an IDW proxy from SWMM node depths, NOT measured road inundation depth."
road-,,severe_blockage,imerg-2015-11-28_severe_blockage,0.3683,likely,False,idw_from_swmm_nodes,5.0,EPSG:4326,synthetic_pilot_network,"flood_depth_m is an IDW proxy from SWMM node depths, NOT measured road inundation depth."
road-,,severe_blockage,imerg-2015-11-28_severe_blockage,0.0,safe,False,idw_from_swmm_nodes,1.0,EPSG:4326,synthetic_pilot_network,"flood_depth_m is an IDW proxy from SWMM node depths, NOT measured road inundation depth."
road-,,severe_blockage,imerg-2015-11-28_severe_blockage,0.0,safe,False,idw_from_swmm_nodes,1.0,EPSG:4326,synthetic_pilot_network,"flood_depth_m is an IDW proxy from SWMM node depths, NOT measured road inundation depth."
road-,,severe_blockage,imerg-2015-11-28_severe_blockage,0.0,safe,False,idw_from_swmm_nodes,1.0,EPSG:4326,synthetic_pilot_network,"flood_depth_m is an IDW proxy from SWMM node depths, NOT measured road inundation depth."
road-,,severe_blockage,imerg-2015-11-28_severe_blockage,0.0,safe,False,idw_from_swmm_nodes,1.0,EPSG:4326,synthetic_pilot_network,"flood_depth_m is an IDW proxy from SWMM node depths, NOT measured road inundation depth."
road-,,severe_blockage,imerg-2015-11-28_severe_blockage,0.0,safe,False,idw_from_swmm_nodes,1.0,EPSG:4326,synthetic_pilot_network,"flood_depth_m is an IDW proxy from SWMM node depths, NOT measured road inundation depth."
road-,,severe_blockage,imerg-2015-11-28_severe_blockage,0.0,safe,False,idw_from_swmm_nodes,1.0,EPSG:4326,synthetic_pilot_network,"flood_depth_m is an IDW proxy from SWMM node depths, NOT measured road inundation depth."
road-,,severe_blockage,imerg-2015-11-28_severe_blockage,0.0,safe,False,idw_from_swmm_nodes,1.0,EPSG:4326,synthetic_pilot_network,"flood_depth_m is an IDW proxy from SWMM node depths, NOT measured road inundation depth."
road-,,severe_blockage,imerg-2015-11-28_severe_blockage,0.3622,likely,False,idw_from_swmm_nodes,5.0,EPSG:4326,synthetic_pilot_network,"flood_depth_m is an IDW proxy from SWMM node depths, NOT measured road inundation depth."
road-,,severe_blockage,imerg-2015-11-28_severe_blockage,0.0,safe,False,idw_from_swmm_nodes,1.0,EPSG:4326,synthetic_pilot_network,"flood_depth_m is an IDW proxy from SWMM node depths, NOT measured road inundation depth."
road-,,severe_blockage,imerg-2015-11-28_severe_blockage,0.0,safe,False,idw_from_swmm_nodes,1.0,EPSG:4326,synthetic_pilot_network,"flood_depth_m is an IDW proxy from SWMM node depths, NOT measured road inundation depth."
road-,,severe_blockage,imerg-2015-11-28_severe_blockage,0.0,safe,False,idw_from_swmm_nodes,1.0,EPSG:4326,synthetic_pilot_network,"flood_depth_m is an IDW proxy from SWMM node depths, NOT measured road inundation depth."
road-,,severe_blockage,imerg-2015-11-28_severe_blockage,0.0,safe,False,idw_from_swmm_nodes,1.0,EPSG:4326,synthetic_pilot_network,"flood_depth_m is an IDW proxy from SWMM node depths, NOT measured road inundation depth."
road-,,severe_blockage,imerg-2015-11-28_severe_blockage,0.0,safe,False,idw_from_swmm_nodes,1.0,EPSG:4326,synthetic_pilot_network,"flood_depth_m is an IDW proxy from SWMM node depths, NOT measured road inundation depth."
road-,,severe_blockage,imerg-2015-11-28_severe_blockage,0.0,safe,False,idw_from_swmm_nodes,1.0,EPSG:4326,synthetic_pilot_network,"flood_depth_m is an IDW proxy from SWMM node depths, NOT measured road inundation depth."
road-,,severe_blockage,imerg-2015-11-28_severe_blockage,0.0,safe,False,idw_from_swmm_nodes,1.0,EPSG:4326,synthetic_pilot_network,"flood_depth_m is an IDW proxy from SWMM node depths, NOT measured road inundation depth."
road-,,severe_blockage,imerg-2015-11-28_severe_blockage,0.0,safe,False,idw_from_swmm_nodes,1.0,EPSG:4326,synthetic_pilot_network,"flood_depth_m is an IDW proxy from SWMM node depths, NOT measured road inundation depth."
road-,,severe_blockage,imerg-2015-11-28_severe_blockage,0.3919,likely,False,idw_from_swmm_nodes,5.0,EPSG:4326,synthetic_pilot_network,"flood_depth_m is an IDW proxy from SWMM node depths, NOT measured road inundation depth."
road-,,severe_blockage,imerg-2015-11-28_severe_blockage,0.0,safe,False,idw_from_swmm_nodes,1.0,EPSG:4326,synthetic_pilot_network,"flood_depth_m is an IDW proxy from SWMM node depths, NOT measured road inundation depth."
road-,,severe_blockage,imerg-2015-11-28_severe_blockage,0.3699,likely,False,idw_from_swmm_nodes,5.0,EPSG:4326,synthetic_pilot_network,"flood_depth_m is an IDW proxy from SWMM node depths, NOT measured road inundation depth."
road-,,severe_blockage,imerg-2015-11-28_severe_blockage,0.0,safe,False,idw_from_swmm_nodes,1.0,EPSG:4326,synthetic_pilot_network,"flood_depth_m is an IDW proxy from SWMM node depths, NOT measured road inundation depth."
road-,,severe_blockage,imerg-2015-11-28_severe_blockage,0.0,safe,False,idw_from_swmm_nodes,1.0,EPSG:4326,synthetic_pilot_network,"flood_depth_m is an IDW proxy from SWMM node depths, NOT measured road inundation depth."
road-,,severe_blockage,imerg-2015-11-28_severe_blockage,0.0,safe,False,idw_from_swmm_nodes,1.0,EPSG:4326,synthetic_pilot_network,"flood_depth_m is an IDW proxy from SWMM node depths, NOT measured road inundation depth."
road-,,severe_blockage,imerg-2015-11-28_severe_blockage,0.3858,likely,False,idw_from_swmm_nodes,5.0,EPSG:4326,synthetic_pilot_network,"flood_depth_m is an IDW proxy from SWMM node depths, NOT measured road inundation depth."
road-,,severe_blockage,imerg-2015-11-28_severe_blockage,0.0,safe,False,idw_from_swmm_nodes,1.0,EPSG:4326,synthetic_pilot_network,"flood_depth_m is an IDW proxy from SWMM node depths, NOT measured road inundation depth."
road-,,severe_blockage,imerg-2015-11-28_severe_blockage,0.395,likely,False,idw_from_swmm_nodes,5.0,EPSG:4326,synthetic_pilot_network,"flood_depth_m is an IDW proxy from SWMM node depths, NOT measured road inundation depth."
road-,,severe_blockage,imerg-2015-11-28_severe_blockage,0.47,likely,False,idw_from_swmm_nodes,5.0,EPSG:4326,synthetic_pilot_network,"flood_depth_m is an IDW proxy from SWMM node depths, NOT measured road inundation depth."
road-,,severe_blockage,imerg-2015-11-28_severe_blockage,0.0,safe,False,idw_from_swmm_nodes,1.0,EPSG:4326,synthetic_pilot_network,"flood_depth_m is an IDW proxy from SWMM node depths, NOT measured road inundation depth."
road-,,severe_blockage,imerg-2015-11-28_severe_blockage,0.0,safe,False,idw_from_swmm_nodes,1.0,EPSG:4326,synthetic_pilot_network,"flood_depth_m is an IDW proxy from SWMM node depths, NOT measured road inundation depth."
road-,,severe_blockage,imerg-2015-11-28_severe_blockage,0.0,safe,False,idw_from_swmm_nodes,1.0,EPSG:4326,synthetic_pilot_network,"flood_depth_m is an IDW proxy from SWMM node depths, NOT measured road inundation depth."
road-,,severe_blockage,imerg-2015-11-28_severe_blockage,0.0,safe,False,idw_from_swmm_nodes,1.0,EPSG:4326,synthetic_pilot_network,"flood_depth_m is an IDW proxy from SWMM node depths, NOT measured road inundation depth."
road-,,severe_blockage,imerg-2015-11-28_severe_blockage,0.0,safe,False,idw_from_swmm_nodes,1.0,EPSG:4326,synthetic_pilot_network,"flood_depth_m is an IDW proxy from SWMM node depths, NOT measured road inundation depth."
road-,,severe_blockage,imerg-2015-11-28_severe_blockage,0.0,safe,False,idw_from_swmm_nodes,1.0,EPSG:4326,synthetic_pilot_network,"flood_depth_m is an IDW proxy from SWMM node depths, NOT measured road inundation depth."
road-,,severe_blockage,imerg-2015-11-28_severe_blockage,0.3721,likely,False,idw_from_swmm_nodes,5.0,EPSG:4326,synthetic_pilot_network,"flood_depth_m is an IDW proxy from SWMM node depths, NOT measured road inundation depth."
road-,,severe_blockage,imerg-2015-11-28_severe_blockage,0.0,safe,False,idw_from_swmm_nodes,1.0,EPSG:4326,synthetic_pilot_network,"flood_depth_m is an IDW proxy from SWMM node depths, NOT measured road inundation depth."
road-,,severe_blockage,imerg-2015-11-28_severe_blockage,0.0,safe,False,idw_from_swmm_nodes,1.0,EPSG:4326,synthetic_pilot_network,"flood_depth_m is an IDW proxy from SWMM node depths, NOT measured road inundation depth."
road-,,severe_blockage,imerg-2015-11-28_severe_blockage,0.0,safe,False,idw_from_swmm_nodes,1.0,EPSG:4326,synthetic_pilot_network,"flood_depth_m is an IDW proxy from SWMM node depths, NOT measured road inundation depth."
road-,,severe_blockage,imerg-2015-11-28_severe_blockage,0.0,safe,False,idw_from_swmm_nodes,1.0,EPSG:4326,synthetic_pilot_network,"flood_depth_m is an IDW proxy from SWMM node depths, NOT measured road inundation depth."
road-,,severe_blockage,imerg-2015-11-28_severe_blockage,0.0,safe,False,idw_from_swmm_nodes,1.0,EPSG:4326,synthetic_pilot_network,"flood_depth_m is an IDW proxy from SWMM node depths, NOT measured road inundation depth."
road-,,severe_blockage,imerg-2015-11-28_severe_blockage,0.0,safe,False,idw_from_swmm_nodes,1.0,EPSG:4326,synthetic_pilot_network,"flood_depth_m is an IDW proxy from SWMM node depths, NOT measured road inundation depth."
road-,,severe_blockage,imerg-2015-11-28_severe_blockage,0.0,safe,False,idw_from_swmm_nodes,1.0,EPSG:4326,synthetic_pilot_network,"flood_depth_m is an IDW proxy from SWMM node depths, NOT measured road inundation depth."
road-,,severe_blockage,imerg-2015-11-28_severe_blockage,0.0,safe,False,idw_from_swmm_nodes,1.0,EPSG:4326,synthetic_pilot_network,"flood_depth_m is an IDW proxy from SWMM node depths, NOT measured road inundation depth."
road-,,severe_blockage,imerg-2015-11-28_severe_blockage,0.3846,likely,False,idw_from_swmm_nodes,5.0,EPSG:4326,synthetic_pilot_network,"flood_depth_m is an IDW proxy from SWMM node depths, NOT measured road inundation depth."
road-,,severe_blockage,imerg-2015-11-28_severe_blockage,0.0,safe,False,idw_from_swmm_nodes,1.0,EPSG:4326,synthetic_pilot_network,"flood_depth_m is an IDW proxy from SWMM node depths, NOT measured road inundation depth."
road-,,severe_blockage,imerg-2015-11-28_severe_blockage,0.0,safe,False,idw_from_swmm_nodes,1.0,EPSG:4326,synthetic_pilot_network,"flood_depth_m is an IDW proxy from SWMM node depths, NOT measured road inundation depth."
road-,,severe_blockage,imerg-2015-11-28_severe_blockage,0.0,safe,False,idw_from_swmm_nodes,1.0,EPSG:4326,synthetic_pilot_network,"flood_depth_m is an IDW proxy from SWMM node depths, NOT measured road inundation depth."
road-,,severe_blockage,imerg-2015-11-28_severe_blockage,0.0,safe,False,idw_from_swmm_nodes,1.0,EPSG:4326,synthetic_pilot_network,"flood_depth_m is an IDW proxy from SWMM node depths, NOT measured road inundation depth."
road-,,severe_blockage,imerg-2015-11-28_severe_blockage,0.0,safe,False,idw_from_swmm_nodes,1.0,EPSG:4326,synthetic_pilot_network,"flood_depth_m is an IDW proxy from SWMM node depths, NOT measured road inundation depth."
road-,,severe_blockage,imerg-2015-11-28_severe_blockage,0.0,safe,False,idw_from_swmm_nodes,1.0,EPSG:4326,synthetic_pilot_network,"flood_depth_m is an IDW proxy from SWMM node depths, NOT measured road inundation depth."
road-,,severe_blockage,imerg-2015-11-28_severe_blockage,0.0,safe,False,idw_from_swmm_nodes,1.0,EPSG:4326,synthetic_pilot_network,"flood_depth_m is an IDW proxy from SWMM node depths, NOT measured road inundation depth."
road-,,severe_blockage,imerg-2015-11-28_severe_blockage,0.0,safe,False,idw_from_swmm_nodes,1.0,EPSG:4326,synthetic_pilot_network,"flood_depth_m is an IDW proxy from SWMM node depths, NOT measured road inundation depth."
road-,,severe_blockage,imerg-2015-11-28_severe_blockage,0.0,safe,False,idw_from_swmm_nodes,1.0,EPSG:4326,synthetic_pilot_network,"flood_depth_m is an IDW proxy from SWMM node depths, NOT measured road inundation depth."
road-,,severe_blockage,imerg-2015-11-28_severe_blockage,0.3833,likely,False,idw_from_swmm_nodes,5.0,EPSG:4326,synthetic_pilot_network,"flood_depth_m is an IDW proxy from SWMM node depths, NOT measured road inundation depth."
road-,,severe_blockage,imerg-2015-11-28_severe_blockage,0.0,safe,False,idw_from_swmm_nodes,1.0,EPSG:4326,synthetic_pilot_network,"flood_depth_m is an IDW proxy from SWMM node depths, NOT measured road inundation depth."
road-,,severe_blockage,imerg-2015-11-28_severe_blockage,0.0,safe,False,idw_from_swmm_nodes,1.0,EPSG:4326,synthetic_pilot_network,"flood_depth_m is an IDW proxy from SWMM node depths, NOT measured road inundation depth."
road-,,severe_blockage,imerg-2015-11-28_severe_blockage,0.0,safe,False,idw_from_swmm_nodes,1.0,EPSG:4326,synthetic_pilot_network,"flood_depth_m is an IDW proxy from SWMM node depths, NOT measured road inundation depth."
road-,,severe_blockage,imerg-2015-11-28_severe_blockage,0.0,safe,False,idw_from_swmm_nodes,1.0,EPSG:4326,synthetic_pilot_network,"flood_depth_m is an IDW proxy from SWMM node depths, NOT measured road inundation depth."
road-,,severe_blockage,imerg-2015-11-28_severe_blockage,0.0,safe,False,idw_from_swmm_nodes,1.0,EPSG:4326,synthetic_pilot_network,"flood_depth_m is an IDW proxy from SWMM node depths, NOT measured road inundation depth."
road-,,severe_blockage,imerg-2015-11-28_severe_blockage,0.0,safe,False,idw_from_swmm_nodes,1.0,EPSG:4326,synthetic_pilot_network,"flood_depth_m is an IDW proxy from SWMM node depths, NOT measured road inundation depth."
road-,,severe_blockage,imerg-2015-11-28_severe_blockage,0.0,safe,False,idw_from_swmm_nodes,1.0,EPSG:4326,synthetic_pilot_network,"flood_depth_m is an IDW proxy from SWMM node depths, NOT measured road inundation depth."
road-,,severe_blockage,imerg-2015-11-28_severe_blockage,0.0,safe,False,idw_from_swmm_nodes,1.0,EPSG:4326,synthetic_pilot_network,"flood_depth_m is an IDW proxy from SWMM node depths, NOT measured road inundation depth."
road-,,severe_blockage,imerg-2015-11-28_severe_blockage,0.0,safe,False,idw_from_swmm_nodes,1.0,EPSG:4326,synthetic_pilot_network,"flood_depth_m is an IDW proxy from SWMM node depths, NOT measured road inundation depth."
road-,,severe_blockage,imerg-2015-11-28_severe_blockage,0.0,safe,False,idw_from_swmm_nodes,1.0,EPSG:4326,synthetic_pilot_network,"flood_depth_m is an IDW proxy from SWMM node depths, NOT measured road inundation depth."
road-,,severe_blockage,imerg-2015-11-28_severe_blockage,0.0,safe,False,idw_from_swmm_nodes,1.0,EPSG:4326,synthetic_pilot_network,"flood_depth_m is an IDW proxy from SWMM node depths, NOT measured road inundation depth."
road-,,severe_blockage,imerg-2015-11-28_severe_blockage,0.0,safe,False,idw_from_swmm_nodes,1.0,EPSG:4326,synthetic_pilot_network,"flood_depth_m is an IDW proxy from SWMM node depths, NOT measured road inundation depth."
road-,,severe_blockage,imerg-2015-11-28_severe_blockage,0.0,safe,False,idw_from_swmm_nodes,1.0,EPSG:4326,synthetic_pilot_network,"flood_depth_m is an IDW proxy from SWMM node depths, NOT measured road inundation depth."
road-,,severe_blockage,imerg-2015-11-28_severe_blockage,0.0,safe,False,idw_from_swmm_nodes,1.0,EPSG:4326,synthetic_pilot_network,"flood_depth_m is an IDW proxy from SWMM node depths, NOT measured road inundation depth."
road-,,severe_blockage,imerg-2015-11-28_severe_blockage,0.3971,likely,False,idw_from_swmm_nodes,5.0,EPSG:4326,synthetic_pilot_network,"flood_depth_m is an IDW proxy from SWMM node depths, NOT measured road inundation depth."
road-,,severe_blockage,imerg-2015-11-28_severe_blockage,0.3422,likely,False,idw_from_swmm_nodes,5.0,EPSG:4326,synthetic_pilot_network,"flood_depth_m is an IDW proxy from SWMM node depths, NOT measured road inundation depth."
road-,,severe_blockage,imerg-2015-11-28_severe_blockage,0.0,safe,False,idw_from_swmm_nodes,1.0,EPSG:4326,synthetic_pilot_network,"flood_depth_m is an IDW proxy from SWMM node depths, NOT measured road inundation depth."
road-,,severe_blockage,imerg-2015-11-28_severe_blockage,0.0,safe,False,idw_from_swmm_nodes,1.0,EPSG:4326,synthetic_pilot_network,"flood_depth_m is an IDW proxy from SWMM node depths, NOT measured road inundation depth."
road-,,severe_blockage,imerg-2015-11-28_severe_blockage,0.0,safe,False,idw_from_swmm_nodes,1.0,EPSG:4326,synthetic_pilot_network,"flood_depth_m is an IDW proxy from SWMM node depths, NOT measured road inundation depth."
road-,,severe_blockage,imerg-2015-11-28_severe_blockage,0.0,safe,False,idw_from_swmm_nodes,1.0,EPSG:4326,synthetic_pilot_network,"flood_depth_m is an IDW proxy from SWMM node depths, NOT measured road inundation depth."
road-,,severe_blockage,imerg-2015-11-28_severe_blockage,0.0,safe,False,idw_from_swmm_nodes,1.0,EPSG:4326,synthetic_pilot_network,"flood_depth_m is an IDW proxy from SWMM node depths, NOT measured road inundation depth."
road-,,severe_blockage,imerg-2015-11-28_severe_blockage,0.0,safe,False,idw_from_swmm_nodes,1.0,EPSG:4326,synthetic_pilot_network,"flood_depth_m is an IDW proxy from SWMM node depths, NOT measured road inundation depth."
road-,,severe_blockage,imerg-2015-11-28_severe_blockage,0.0,safe,False,idw_from_swmm_nodes,1.0,EPSG:4326,synthetic_pilot_network,"flood_depth_m is an IDW proxy from SWMM node depths, NOT measured road inundation depth."
road-,,severe_blockage,imerg-2015-11-28_severe_blockage,0.0,safe,False,idw_from_swmm_nodes,1.0,EPSG:4326,synthetic_pilot_network,"flood_depth_m is an IDW proxy from SWMM node depths, NOT measured road inundation depth."
road-,,severe_blockage,imerg-2015-11-28_severe_blockage,0.0,safe,False,idw_from_swmm_nodes,1.0,EPSG:4326,synthetic_pilot_network,"flood_depth_m is an IDW proxy from SWMM node depths, NOT measured road inundation depth."
road-,,severe_blockage,imerg-2015-11-28_severe_blockage,0.0,safe,False,idw_from_swmm_nodes,1.0,EPSG:4326,synthetic_pilot_network,"flood_depth_m is an IDW proxy from SWMM node depths, NOT measured road inundation depth."
road-,,severe_blockage,imerg-2015-11-28_severe_blockage,0.3694,likely,False,idw_from_swmm_nodes,5.0,EPSG:4326,synthetic_pilot_network,"flood_depth_m is an IDW proxy from SWMM node depths, NOT measured road inundation depth."
road-,,severe_blockage,imerg-2015-11-28_severe_blockage,0.0,safe,False,idw_from_swmm_nodes,1.0,EPSG:4326,synthetic_pilot_network,"flood_depth_m is an IDW proxy from SWMM node depths, NOT measured road inundation depth."
road-,,severe_blockage,imerg-2015-11-28_severe_blockage,0.0,safe,False,idw_from_swmm_nodes,1.0,EPSG:4326,synthetic_pilot_network,"flood_depth_m is an IDW proxy from SWMM node depths, NOT measured road inundation depth."
road-,,severe_blockage,imerg-2015-11-28_severe_blockage,0.0,safe,False,idw_from_swmm_nodes,1.0,EPSG:4326,synthetic_pilot_network,"flood_depth_m is an IDW proxy from SWMM node depths, NOT measured road inundation depth."
road-,,severe_blockage,imerg-2015-11-28_severe_blockage,0.3877,likely,False,idw_from_swmm_nodes,5.0,EPSG:4326,synthetic_pilot_network,"flood_depth_m is an IDW proxy from SWMM node depths, NOT measured road inundation depth."
road-,,severe_blockage,imerg-2015-11-28_severe_blockage,0.0,safe,False,idw_from_swmm_nodes,1.0,EPSG:4326,synthetic_pilot_network,"flood_depth_m is an IDW proxy from SWMM node depths, NOT measured road inundation depth."
road-,,severe_blockage,imerg-2015-11-28_severe_blockage,0.0,safe,False,idw_from_swmm_nodes,1.0,EPSG:4326,synthetic_pilot_network,"flood_depth_m is an IDW proxy from SWMM node depths, NOT measured road inundation depth."
road-,,severe_blockage,imerg-2015-11-28_severe_blockage,0.3925,likely,False,idw_from_swmm_nodes,5.0,EPSG:4326,synthetic_pilot_network,"flood_depth_m is an IDW proxy from SWMM node depths, NOT measured road inundation depth."
road-,,severe_blockage,imerg-2015-11-28_severe_blockage,0.0,safe,False,idw_from_swmm_nodes,1.0,EPSG:4326,synthetic_pilot_network,"flood_depth_m is an IDW proxy from SWMM node depths, NOT measured road inundation depth."
road-,,severe_blockage,imerg-2015-11-28_severe_blockage,0.0,safe,False,idw_from_swmm_nodes,1.0,EPSG:4326,synthetic_pilot_network,"flood_depth_m is an IDW proxy from SWMM node depths, NOT measured road inundation depth."
road-,,severe_blockage,imerg-2015-11-28_severe_blockage,0.0,safe,False,idw_from_swmm_nodes,1.0,EPSG:4326,synthetic_pilot_network,"flood_depth_m is an IDW proxy from SWMM node depths, NOT measured road inundation depth."
road-,,severe_blockage,imerg-2015-11-28_severe_blockage,0.0,safe,False,idw_from_swmm_nodes,1.0,EPSG:4326,synthetic_pilot_network,"flood_depth_m is an IDW proxy from SWMM node depths, NOT measured road inundation depth."
road-,,severe_blockage,imerg-2015-11-28_severe_blockage,0.0,safe,False,idw_from_swmm_nodes,1.0,EPSG:4326,synthetic_pilot_network,"flood_depth_m is an IDW proxy from SWMM node depths, NOT measured road inundation depth."
road-,,severe_blockage,imerg-2015-11-28_severe_blockage,0.0,safe,False,idw_from_swmm_nodes,1.0,EPSG:4326,synthetic_pilot_network,"flood_depth_m is an IDW proxy from SWMM node depths, NOT measured road inundation depth."
road-,,severe_blockage,imerg-2015-11-28_severe_blockage,0.0,safe,False,idw_from_swmm_nodes,1.0,EPSG:4326,synthetic_pilot_network,"flood_depth_m is an IDW proxy from SWMM node depths, NOT measured road inundation depth."
road-,,severe_blockage,imerg-2015-11-28_severe_blockage,0.0,safe,False,idw_from_swmm_nodes,1.0,EPSG:4326,synthetic_pilot_network,"flood_depth_m is an IDW proxy from SWMM node depths, NOT measured road inundation depth."
road-,,severe_blockage,imerg-2015-11-28_severe_blockage,0.0,safe,False,idw_from_swmm_nodes,1.0,EPSG:4326,synthetic_pilot_network,"flood_depth_m is an IDW proxy from SWMM node depths, NOT measured road inundation depth."
road-,,severe_blockage,imerg-2015-11-28_severe_blockage,0.0,safe,False,idw_from_swmm_nodes,1.0,EPSG:4326,synthetic_pilot_network,"flood_depth_m is an IDW proxy from SWMM node depths, NOT measured road inundation depth."
road-,,severe_blockage,imerg-2015-11-28_severe_blockage,0.0,safe,False,idw_from_swmm_nodes,1.0,EPSG:4326,synthetic_pilot_network,"flood_depth_m is an IDW proxy from SWMM node depths, NOT measured road inundation depth."
road-,,severe_blockage,imerg-2015-11-28_severe_blockage,0.0,safe,False,idw_from_swmm_nodes,1.0,EPSG:4326,synthetic_pilot_network,"flood_depth_m is an IDW proxy from SWMM node depths, NOT measured road inundation depth."
road-,,severe_blockage,imerg-2015-11-28_severe_blockage,0.0,safe,False,idw_from_swmm_nodes,1.0,EPSG:4326,synthetic_pilot_network,"flood_depth_m is an IDW proxy from SWMM node depths, NOT measured road inundation depth."
road-,,severe_blockage,imerg-2015-11-28_severe_blockage,0.0,safe,False,idw_from_swmm_nodes,1.0,EPSG:4326,synthetic_pilot_network,"flood_depth_m is an IDW proxy from SWMM node depths, NOT measured road inundation depth."
road-,,severe_blockage,imerg-2015-11-28_severe_blockage,0.3891,likely,False,idw_from_swmm_nodes,5.0,EPSG:4326,synthetic_pilot_network,"flood_depth_m is an IDW proxy from SWMM node depths, NOT measured road inundation depth."
road-,,severe_blockage,imerg-2015-11-28_severe_blockage,0.0,safe,False,idw_from_swmm_nodes,1.0,EPSG:4326,synthetic_pilot_network,"flood_depth_m is an IDW proxy from SWMM node depths, NOT measured road inundation depth."
road-,,severe_blockage,imerg-2015-11-28_severe_blockage,0.0,safe,False,idw_from_swmm_nodes,1.0,EPSG:4326,synthetic_pilot_network,"flood_depth_m is an IDW proxy from SWMM node depths, NOT measured road inundation depth."
road-,,severe_blockage,imerg-2015-11-28_severe_blockage,0.0,safe,False,idw_from_swmm_nodes,1.0,EPSG:4326,synthetic_pilot_network,"flood_depth_m is an IDW proxy from SWMM node depths, NOT measured road inundation depth."
road-,,severe_blockage,imerg-2015-11-28_severe_blockage,0.0,safe,False,idw_from_swmm_nodes,1.0,EPSG:4326,synthetic_pilot_network,"flood_depth_m is an IDW proxy from SWMM node depths, NOT measured road inundation depth."
road-,,severe_blockage,imerg-2015-11-28_severe_blockage,0.0,safe,False,idw_from_swmm_nodes,1.0,EPSG:4326,synthetic_pilot_network,"flood_depth_m is an IDW proxy from SWMM node depths, NOT measured road inundation depth."
road-,,severe_blockage,imerg-2015-11-28_severe_blockage,0.0,safe,False,idw_from_swmm_nodes,1.0,EPSG:4326,synthetic_pilot_network,"flood_depth_m is an IDW proxy from SWMM node depths, NOT measured road inundation depth."
road-,,severe_blockage,imerg-2015-11-28_severe_blockage,0.0,safe,False,idw_from_swmm_nodes,1.0,EPSG:4326,synthetic_pilot_network,"flood_depth_m is an IDW proxy from SWMM node depths, NOT measured road inundation depth."
road-,,severe_blockage,imerg-2015-11-28_severe_blockage,0.0,safe,False,idw_from_swmm_nodes,1.0,EPSG:4326,synthetic_pilot_network,"flood_depth_m is an IDW proxy from SWMM node depths, NOT measured road inundation depth."
road-,,severe_blockage,imerg-2015-11-28_severe_blockage,0.0,safe,False,idw_from_swmm_nodes,1.0,EPSG:4326,synthetic_pilot_network,"flood_depth_m is an IDW proxy from SWMM node depths, NOT measured road inundation depth."
road-,,severe_blockage,imerg-2015-11-28_severe_blockage,0.0,safe,False,idw_from_swmm_nodes,1.0,EPSG:4326,synthetic_pilot_network,"flood_depth_m is an IDW proxy from SWMM node depths, NOT measured road inundation depth."
road-,,severe_blockage,imerg-2015-11-28_severe_blockage,0.0,safe,False,idw_from_swmm_nodes,1.0,EPSG:4326,synthetic_pilot_network,"flood_depth_m is an IDW proxy from SWMM node depths, NOT measured road inundation depth."
road-,,severe_blockage,imerg-2015-11-28_severe_blockage,0.0,safe,False,idw_from_swmm_nodes,1.0,EPSG:4326,synthetic_pilot_network,"flood_depth_m is an IDW proxy from SWMM node depths, NOT measured road inundation depth."
road-,,severe_blockage,imerg-2015-11-28_severe_blockage,0.0,safe,False,idw_from_swmm_nodes,1.0,EPSG:4326,synthetic_pilot_network,"flood_depth_m is an IDW proxy from SWMM node depths, NOT measured road inundation depth."
road-,,severe_blockage,imerg-2015-11-28_severe_blockage,0.0,safe,False,idw_from_swmm_nodes,1.0,EPSG:4326,synthetic_pilot_network,"flood_depth_m is an IDW proxy from SWMM node depths, NOT measured road inundation depth."
road-,,severe_blockage,imerg-2015-11-28_severe_blockage,0.0,safe,False,idw_from_swmm_nodes,1.0,EPSG:4326,synthetic_pilot_network,"flood_depth_m is an IDW proxy from SWMM node depths, NOT measured road inundation depth."
road-,,severe_blockage,imerg-2015-11-28_severe_blockage,0.0,safe,False,idw_from_swmm_nodes,1.0,EPSG:4326,synthetic_pilot_network,"flood_depth_m is an IDW proxy from SWMM node depths, NOT measured road inundation depth."
road-,,severe_blockage,imerg-2015-11-28_severe_blockage,0.0,safe,False,idw_from_swmm_nodes,1.0,EPSG:4326,synthetic_pilot_network,"flood_depth_m is an IDW proxy from SWMM node depths, NOT measured road inundation depth."
road-,,severe_blockage,imerg-2015-11-28_severe_blockage,0.0,safe,False,idw_from_swmm_nodes,1.0,EPSG:4326,synthetic_pilot_network,"flood_depth_m is an IDW proxy from SWMM node depths, NOT measured road inundation depth."
road-,,severe_blockage,imerg-2015-11-28_severe_blockage,0.3792,likely,False,idw_from_swmm_nodes,5.0,EPSG:4326,synthetic_pilot_network,"flood_depth_m is an IDW proxy from SWMM node depths, NOT measured road inundation depth."
road-,,severe_blockage,imerg-2015-11-28_severe_blockage,0.0,safe,False,idw_from_swmm_nodes,1.0,EPSG:4326,synthetic_pilot_network,"flood_depth_m is an IDW proxy from SWMM node depths, NOT measured road inundation depth."
road-,,severe_blockage,imerg-2015-11-28_severe_blockage,0.0,safe,False,idw_from_swmm_nodes,1.0,EPSG:4326,synthetic_pilot_network,"flood_depth_m is an IDW proxy from SWMM node depths, NOT measured road inundation depth."
road-,,severe_blockage,imerg-2015-11-28_severe_blockage,0.0,safe,False,idw_from_swmm_nodes,1.0,EPSG:4326,synthetic_pilot_network,"flood_depth_m is an IDW proxy from SWMM node depths, NOT measured road inundation depth."
road-,,severe_blockage,imerg-2015-11-28_severe_blockage,0.0,safe,False,idw_from_swmm_nodes,1.0,EPSG:4326,synthetic_pilot_network,"flood_depth_m is an IDW proxy from SWMM node depths, NOT measured road inundation depth."
road-,,severe_blockage,imerg-2015-11-28_severe_blockage,0.0,safe,False,idw_from_swmm_nodes,1.0,EPSG:4326,synthetic_pilot_network,"flood_depth_m is an IDW proxy from SWMM node depths, NOT measured road inundation depth."
road-,,severe_blockage,imerg-2015-11-28_severe_blockage,0.4042,likely,False,idw_from_swmm_nodes,5.0,EPSG:4326,synthetic_pilot_network,"flood_depth_m is an IDW proxy from SWMM node depths, NOT measured road inundation depth."
road-,,severe_blockage,imerg-2015-11-28_severe_blockage,0.0,safe,False,idw_from_swmm_nodes,1.0,EPSG:4326,synthetic_pilot_network,"flood_depth_m is an IDW proxy from SWMM node depths, NOT measured road inundation depth."
road-,,severe_blockage,imerg-2015-11-28_severe_blockage,0.0,safe,False,idw_from_swmm_nodes,1.0,EPSG:4326,synthetic_pilot_network,"flood_depth_m is an IDW proxy from SWMM node depths, NOT measured road inundation depth."
road-,,severe_blockage,imerg-2015-11-28_severe_blockage,0.0,safe,False,idw_from_swmm_nodes,1.0,EPSG:4326,synthetic_pilot_network,"flood_depth_m is an IDW proxy from SWMM node depths, NOT measured road inundation depth."
road-,,severe_blockage,imerg-2015-11-28_severe_blockage,0.0,safe,False,idw_from_swmm_nodes,1.0,EPSG:4326,synthetic_pilot_network,"flood_depth_m is an IDW proxy from SWMM node depths, NOT measured road inundation depth."
road-,,severe_blockage,imerg-2015-11-28_severe_blockage,0.0,safe,False,idw_from_swmm_nodes,1.0,EPSG:4326,synthetic_pilot_network,"flood_depth_m is an IDW proxy from SWMM node depths, NOT measured road inundation depth."
road-,,severe_blockage,imerg-2015-11-28_severe_blockage,0.0,safe,False,idw_from_swmm_nodes,1.0,EPSG:4326,synthetic_pilot_network,"flood_depth_m is an IDW proxy from SWMM node depths, NOT measured road inundation depth."
road-,,severe_blockage,imerg-2015-11-28_severe_blockage,0.0,safe,False,idw_from_swmm_nodes,1.0,EPSG:4326,synthetic_pilot_network,"flood_depth_m is an IDW proxy from SWMM node depths, NOT measured road inundation depth."
road-,,severe_blockage,imerg-2015-11-28_severe_blockage,0.0,safe,False,idw_from_swmm_nodes,1.0,EPSG:4326,synthetic_pilot_network,"flood_depth_m is an IDW proxy from SWMM node depths, NOT measured road inundation depth."
road-,,severe_blockage,imerg-2015-11-28_severe_blockage,0.0,safe,False,idw_from_swmm_nodes,1.0,EPSG:4326,synthetic_pilot_network,"flood_depth_m is an IDW proxy from SWMM node depths, NOT measured road inundation depth."
road-,,severe_blockage,imerg-2015-11-28_severe_blockage,0.0,safe,False,idw_from_swmm_nodes,1.0,EPSG:4326,synthetic_pilot_network,"flood_depth_m is an IDW proxy from SWMM node depths, NOT measured road inundation depth."
road-,,severe_blockage,imerg-2015-11-28_severe_blockage,0.0,safe,False,idw_from_swmm_nodes,1.0,EPSG:4326,synthetic_pilot_network,"flood_depth_m is an IDW proxy from SWMM node depths, NOT measured road inundation depth."
road-,,severe_blockage,imerg-2015-11-28_severe_blockage,0.0,safe,False,idw_from_swmm_nodes,1.0,EPSG:4326,synthetic_pilot_network,"flood_depth_m is an IDW proxy from SWMM node depths, NOT measured road inundation depth."
road-,,severe_blockage,imerg-2015-11-28_severe_blockage,0.0,safe,False,idw_from_swmm_nodes,1.0,EPSG:4326,synthetic_pilot_network,"flood_depth_m is an IDW proxy from SWMM node depths, NOT measured road inundation depth."
road-,,severe_blockage,imerg-2015-11-28_severe_blockage,0.4336,likely,False,idw_from_swmm_nodes,5.0,EPSG:4326,synthetic_pilot_network,"flood_depth_m is an IDW proxy from SWMM node depths, NOT measured road inundation depth."
road-,,severe_blockage,imerg-2015-11-28_severe_blockage,0.0,safe,False,idw_from_swmm_nodes,1.0,EPSG:4326,synthetic_pilot_network,"flood_depth_m is an IDW proxy from SWMM node depths, NOT measured road inundation depth."
road-,,severe_blockage,imerg-2015-11-28_severe_blockage,0.0,safe,False,idw_from_swmm_nodes,1.0,EPSG:4326,synthetic_pilot_network,"flood_depth_m is an IDW proxy from SWMM node depths, NOT measured road inundation depth."
road-,,severe_blockage,imerg-2015-11-28_severe_blockage,0.0,safe,False,idw_from_swmm_nodes,1.0,EPSG:4326,synthetic_pilot_network,"flood_depth_m is an IDW proxy from SWMM node depths, NOT measured road inundation depth."
road-,,severe_blockage,imerg-2015-11-28_severe_blockage,0.0,safe,False,idw_from_swmm_nodes,1.0,EPSG:4326,synthetic_pilot_network,"flood_depth_m is an IDW proxy from SWMM node depths, NOT measured road inundation depth."
road-,,severe_blockage,imerg-2015-11-28_severe_blockage,0.0,safe,False,idw_from_swmm_nodes,1.0,EPSG:4326,synthetic_pilot_network,"flood_depth_m is an IDW proxy from SWMM node depths, NOT measured road inundation depth."
road-,,severe_blockage,imerg-2015-11-28_severe_blockage,0.0,safe,False,idw_from_swmm_nodes,1.0,EPSG:4326,synthetic_pilot_network,"flood_depth_m is an IDW proxy from SWMM node depths, NOT measured road inundation depth."
road-,,severe_blockage,imerg-2015-11-28_severe_blockage,0.0,safe,False,idw_from_swmm_nodes,1.0,EPSG:4326,synthetic_pilot_network,"flood_depth_m is an IDW proxy from SWMM node depths, NOT measured road inundation depth."
road-,,severe_blockage,imerg-2015-11-28_severe_blockage,0.0,safe,False,idw_from_swmm_nodes,1.0,EPSG:4326,synthetic_pilot_network,"flood_depth_m is an IDW proxy from SWMM node depths, NOT measured road inundation depth."
road-,,severe_blockage,imerg-2015-11-28_severe_blockage,0.0,safe,False,idw_from_swmm_nodes,1.0,EPSG:4326,synthetic_pilot_network,"flood_depth_m is an IDW proxy from SWMM node depths, NOT measured road inundation depth."
road-,,severe_blockage,imerg-2015-11-28_severe_blockage,0.3915,likely,False,idw_from_swmm_nodes,5.0,EPSG:4326,synthetic_pilot_network,"flood_depth_m is an IDW proxy from SWMM node depths, NOT measured road inundation depth."
road-,,severe_blockage,imerg-2015-11-28_severe_blockage,0.0,safe,False,idw_from_swmm_nodes,1.0,EPSG:4326,synthetic_pilot_network,"flood_depth_m is an IDW proxy from SWMM node depths, NOT measured road inundation depth."
road-,,severe_blockage,imerg-2015-11-28_severe_blockage,0.0,safe,False,idw_from_swmm_nodes,1.0,EPSG:4326,synthetic_pilot_network,"flood_depth_m is an IDW proxy from SWMM node depths, NOT measured road inundation depth."
road-,,severe_blockage,imerg-2015-11-28_severe_blockage,0.0,safe,False,idw_from_swmm_nodes,1.0,EPSG:4326,synthetic_pilot_network,"flood_depth_m is an IDW proxy from SWMM node depths, NOT measured road inundation depth."
road-,,severe_blockage,imerg-2015-11-28_severe_blockage,0.0,safe,False,idw_from_swmm_nodes,1.0,EPSG:4326,synthetic_pilot_network,"flood_depth_m is an IDW proxy from SWMM node depths, NOT measured road inundation depth."
road-,,severe_blockage,imerg-2015-11-28_severe_blockage,0.0,safe,False,idw_from_swmm_nodes,1.0,EPSG:4326,synthetic_pilot_network,"flood_depth_m is an IDW proxy from SWMM node depths, NOT measured road inundation depth."
road-,,severe_blockage,imerg-2015-11-28_severe_blockage,0.0,safe,False,idw_from_swmm_nodes,1.0,EPSG:4326,synthetic_pilot_network,"flood_depth_m is an IDW proxy from SWMM node depths, NOT measured road inundation depth."
road-,,severe_blockage,imerg-2015-11-28_severe_blockage,0.3913,likely,False,idw_from_swmm_nodes,5.0,EPSG:4326,synthetic_pilot_network,"flood_depth_m is an IDW proxy from SWMM node depths, NOT measured road inundation depth."
road-,,severe_blockage,imerg-2015-11-28_severe_blockage,0.0,safe,False,idw_from_swmm_nodes,1.0,EPSG:4326,synthetic_pilot_network,"flood_depth_m is an IDW proxy from SWMM node depths, NOT measured road inundation depth."
road-,,severe_blockage,imerg-2015-11-28_severe_blockage,0.0,safe,False,idw_from_swmm_nodes,1.0,EPSG:4326,synthetic_pilot_network,"flood_depth_m is an IDW proxy from SWMM node depths, NOT measured road inundation depth."
road-,,severe_blockage,imerg-2015-11-28_severe_blockage,0.0,safe,False,idw_from_swmm_nodes,1.0,EPSG:4326,synthetic_pilot_network,"flood_depth_m is an IDW proxy from SWMM node depths, NOT measured road inundation depth."
road-,,severe_blockage,imerg-2015-11-28_severe_blockage,0.0,safe,False,idw_from_swmm_nodes,1.0,EPSG:4326,synthetic_pilot_network,"flood_depth_m is an IDW proxy from SWMM node depths, NOT measured road inundation depth."
road-,,severe_blockage,imerg-2015-11-28_severe_blockage,0.0,safe,False,idw_from_swmm_nodes,1.0,EPSG:4326,synthetic_pilot_network,"flood_depth_m is an IDW proxy from SWMM node depths, NOT measured road inundation depth."
road-,,severe_blockage,imerg-2015-11-28_severe_blockage,0.0,safe,False,idw_from_swmm_nodes,1.0,EPSG:4326,synthetic_pilot_network,"flood_depth_m is an IDW proxy from SWMM node depths, NOT measured road inundation depth."
road-,,severe_blockage,imerg-2015-11-28_severe_blockage,0.0,safe,False,idw_from_swmm_nodes,1.0,EPSG:4326,synthetic_pilot_network,"flood_depth_m is an IDW proxy from SWMM node depths, NOT measured road inundation depth."
road-,,severe_blockage,imerg-2015-11-28_severe_blockage,0.0,safe,False,idw_from_swmm_nodes,1.0,EPSG:4326,synthetic_pilot_network,"flood_depth_m is an IDW proxy from SWMM node depths, NOT measured road inundation depth."
road-,,severe_blockage,imerg-2015-11-28_severe_blockage,0.0,safe,False,idw_from_swmm_nodes,1.0,EPSG:4326,synthetic_pilot_network,"flood_depth_m is an IDW proxy from SWMM node depths, NOT measured road inundation depth."
road-,,severe_blockage,imerg-2015-11-28_severe_blockage,0.3926,likely,False,idw_from_swmm_nodes,5.0,EPSG:4326,synthetic_pilot_network,"flood_depth_m is an IDW proxy from SWMM node depths, NOT measured road inundation depth."
road-,,severe_blockage,imerg-2015-11-28_severe_blockage,0.0,safe,False,idw_from_swmm_nodes,1.0,EPSG:4326,synthetic_pilot_network,"flood_depth_m is an IDW proxy from SWMM node depths, NOT measured road inundation depth."
road-,,severe_blockage,imerg-2015-11-28_severe_blockage,0.0,safe,False,idw_from_swmm_nodes,1.0,EPSG:4326,synthetic_pilot_network,"flood_depth_m is an IDW proxy from SWMM node depths, NOT measured road inundation depth."
road-,,severe_blockage,imerg-2015-11-28_severe_blockage,0.0,safe,False,idw_from_swmm_nodes,1.0,EPSG:4326,synthetic_pilot_network,"flood_depth_m is an IDW proxy from SWMM node depths, NOT measured road inundation depth."
road-,,severe_blockage,imerg-2015-11-28_severe_blockage,0.0,safe,False,idw_from_swmm_nodes,1.0,EPSG:4326,synthetic_pilot_network,"flood_depth_m is an IDW proxy from SWMM node depths, NOT measured road inundation depth."
road-,,severe_blockage,imerg-2015-11-28_severe_blockage,0.0,safe,False,idw_from_swmm_nodes,1.0,EPSG:4326,synthetic_pilot_network,"flood_depth_m is an IDW proxy from SWMM node depths, NOT measured road inundation depth."
road-,,severe_blockage,imerg-2015-11-28_severe_blockage,0.0,safe,False,idw_from_swmm_nodes,1.0,EPSG:4326,synthetic_pilot_network,"flood_depth_m is an IDW proxy from SWMM node depths, NOT measured road inundation depth."
road-,,severe_blockage,imerg-2015-11-28_severe_blockage,0.0,safe,False,idw_from_swmm_nodes,1.0,EPSG:4326,synthetic_pilot_network,"flood_depth_m is an IDW proxy from SWMM node depths, NOT measured road inundation depth."
road-,,severe_blockage,imerg-2015-11-28_severe_blockage,0.0,safe,False,idw_from_swmm_nodes,1.0,EPSG:4326,synthetic_pilot_network,"flood_depth_m is an IDW proxy from SWMM node depths, NOT measured road inundation depth."
road-,,severe_blockage,imerg-2015-11-28_severe_blockage,0.0,safe,False,idw_from_swmm_nodes,1.0,EPSG:4326,synthetic_pilot_network,"flood_depth_m is an IDW proxy from SWMM node depths, NOT measured road inundation depth."
road-,,severe_blockage,imerg-2015-11-28_severe_blockage,0.0,safe,False,idw_from_swmm_nodes,1.0,EPSG:4326,synthetic_pilot_network,"flood_depth_m is an IDW proxy from SWMM node depths, NOT measured road inundation depth."
road-,,severe_blockage,imerg-2015-11-28_severe_blockage,0.0,safe,False,idw_from_swmm_nodes,1.0,EPSG:4326,synthetic_pilot_network,"flood_depth_m is an IDW proxy from SWMM node depths, NOT measured road inundation depth."
road-,,severe_blockage,imerg-2015-11-28_severe_blockage,0.0,safe,False,idw_from_swmm_nodes,1.0,EPSG:4326,synthetic_pilot_network,"flood_depth_m is an IDW proxy from SWMM node depths, NOT measured road inundation depth."
road-,,severe_blockage,imerg-2015-11-28_severe_blockage,0.0,safe,False,idw_from_swmm_nodes,1.0,EPSG:4326,synthetic_pilot_network,"flood_depth_m is an IDW proxy from SWMM node depths, NOT measured road inundation depth."
road-,,severe_blockage,imerg-2015-11-28_severe_blockage,0.0,safe,False,idw_from_swmm_nodes,1.0,EPSG:4326,synthetic_pilot_network,"flood_depth_m is an IDW proxy from SWMM node depths, NOT measured road inundation depth."
road-,,severe_blockage,imerg-2015-11-28_severe_blockage,0.0,safe,False,idw_from_swmm_nodes,1.0,EPSG:4326,synthetic_pilot_network,"flood_depth_m is an IDW proxy from SWMM node depths, NOT measured road inundation depth."
road-,,severe_blockage,imerg-2015-11-28_severe_blockage,0.0,safe,False,idw_from_swmm_nodes,1.0,EPSG:4326,synthetic_pilot_network,"flood_depth_m is an IDW proxy from SWMM node depths, NOT measured road inundation depth."
road-,,severe_blockage,imerg-2015-11-28_severe_blockage,0.0,safe,False,idw_from_swmm_nodes,1.0,EPSG:4326,synthetic_pilot_network,"flood_depth_m is an IDW proxy from SWMM node depths, NOT measured road inundation depth."
road-,,severe_blockage,imerg-2015-11-28_severe_blockage,0.0,safe,False,idw_from_swmm_nodes,1.0,EPSG:4326,synthetic_pilot_network,"flood_depth_m is an IDW proxy from SWMM node depths, NOT measured road inundation depth."
road-,,severe_blockage,imerg-2015-11-28_severe_blockage,0.0,safe,False,idw_from_swmm_nodes,1.0,EPSG:4326,synthetic_pilot_network,"flood_depth_m is an IDW proxy from SWMM node depths, NOT measured road inundation depth."
road-,,severe_blockage,imerg-2015-11-28_severe_blockage,0.0,safe,False,idw_from_swmm_nodes,1.0,EPSG:4326,synthetic_pilot_network,"flood_depth_m is an IDW proxy from SWMM node depths, NOT measured road inundation depth."
road-,,severe_blockage,imerg-2015-11-28_severe_blockage,0.0,safe,False,idw_from_swmm_nodes,1.0,EPSG:4326,synthetic_pilot_network,"flood_depth_m is an IDW proxy from SWMM node depths, NOT measured road inundation depth."
road-,,severe_blockage,imerg-2015-11-28_severe_blockage,0.0,safe,False,idw_from_swmm_nodes,1.0,EPSG:4326,synthetic_pilot_network,"flood_depth_m is an IDW proxy from SWMM node depths, NOT measured road inundation depth."
road-,,severe_blockage,imerg-2015-11-28_severe_blockage,0.0,safe,False,idw_from_swmm_nodes,1.0,EPSG:4326,synthetic_pilot_network,"flood_depth_m is an IDW proxy from SWMM node depths, NOT measured road inundation depth."
road-,,severe_blockage,imerg-2015-11-28_severe_blockage,0.0,safe,False,idw_from_swmm_nodes,1.0,EPSG:4326,synthetic_pilot_network,"flood_depth_m is an IDW proxy from SWMM node depths, NOT measured road inundation depth."
road-,,severe_blockage,imerg-2015-11-28_severe_blockage,0.0,safe,False,idw_from_swmm_nodes,1.0,EPSG:4326,synthetic_pilot_network,"flood_depth_m is an IDW proxy from SWMM node depths, NOT measured road inundation depth."
road-,,severe_blockage,imerg-2015-11-28_severe_blockage,0.0,safe,False,idw_from_swmm_nodes,1.0,EPSG:4326,synthetic_pilot_network,"flood_depth_m is an IDW proxy from SWMM node depths, NOT measured road inundation depth."
road-,,severe_blockage,imerg-2015-11-28_severe_blockage,0.0,safe,False,idw_from_swmm_nodes,1.0,EPSG:4326,synthetic_pilot_network,"flood_depth_m is an IDW proxy from SWMM node depths, NOT measured road inundation depth."
road-,,severe_blockage,imerg-2015-11-28_severe_blockage,0.0,safe,False,idw_from_swmm_nodes,1.0,EPSG:4326,synthetic_pilot_network,"flood_depth_m is an IDW proxy from SWMM node depths, NOT measured road inundation depth."
road-,,severe_blockage,imerg-2015-11-28_severe_blockage,0.3944,likely,False,idw_from_swmm_nodes,5.0,EPSG:4326,synthetic_pilot_network,"flood_depth_m is an IDW proxy from SWMM node depths, NOT measured road inundation depth."
road-,,severe_blockage,imerg-2015-11-28_severe_blockage,0.0,safe,False,idw_from_swmm_nodes,1.0,EPSG:4326,synthetic_pilot_network,"flood_depth_m is an IDW proxy from SWMM node depths, NOT measured road inundation depth."
road-,,severe_blockage,imerg-2015-11-28_severe_blockage,0.0,safe,False,idw_from_swmm_nodes,1.0,EPSG:4326,synthetic_pilot_network,"flood_depth_m is an IDW proxy from SWMM node depths, NOT measured road inundation depth."
road-,,severe_blockage,imerg-2015-11-28_severe_blockage,0.0,safe,False,idw_from_swmm_nodes,1.0,EPSG:4326,synthetic_pilot_network,"flood_depth_m is an IDW proxy from SWMM node depths, NOT measured road inundation depth."
road-,,severe_blockage,imerg-2015-11-28_severe_blockage,0.0,safe,False,idw_from_swmm_nodes,1.0,EPSG:4326,synthetic_pilot_network,"flood_depth_m is an IDW proxy from SWMM node depths, NOT measured road inundation depth."
road-,,severe_blockage,imerg-2015-11-28_severe_blockage,0.0,safe,False,idw_from_swmm_nodes,1.0,EPSG:4326,synthetic_pilot_network,"flood_depth_m is an IDW proxy from SWMM node depths, NOT measured road inundation depth."
road-,,severe_blockage,imerg-2015-11-28_severe_blockage,0.0,safe,False,idw_from_swmm_nodes,1.0,EPSG:4326,synthetic_pilot_network,"flood_depth_m is an IDW proxy from SWMM node depths, NOT measured road inundation depth."
road-,,severe_blockage,imerg-2015-11-28_severe_blockage,0.0,safe,False,idw_from_swmm_nodes,1.0,EPSG:4326,synthetic_pilot_network,"flood_depth_m is an IDW proxy from SWMM node depths, NOT measured road inundation depth."
road-,,severe_blockage,imerg-2015-11-28_severe_blockage,0.0,safe,False,idw_from_swmm_nodes,1.0,EPSG:4326,synthetic_pilot_network,"flood_depth_m is an IDW proxy from SWMM node depths, NOT measured road inundation depth."
road-,,severe_blockage,imerg-2015-11-28_severe_blockage,0.0,safe,False,idw_from_swmm_nodes,1.0,EPSG:4326,synthetic_pilot_network,"flood_depth_m is an IDW proxy from SWMM node depths, NOT measured road inundation depth."
road-,,severe_blockage,imerg-2015-11-28_severe_blockage,0.0,safe,False,idw_from_swmm_nodes,1.0,EPSG:4326,synthetic_pilot_network,"flood_depth_m is an IDW proxy from SWMM node depths, NOT measured road inundation depth."
road-,,severe_blockage,imerg-2015-11-28_severe_blockage,0.0,safe,False,idw_from_swmm_nodes,1.0,EPSG:4326,synthetic_pilot_network,"flood_depth_m is an IDW proxy from SWMM node depths, NOT measured road inundation depth."
road-,,severe_blockage,imerg-2015-11-28_severe_blockage,0.0,safe,False,idw_from_swmm_nodes,1.0,EPSG:4326,synthetic_pilot_network,"flood_depth_m is an IDW proxy from SWMM node depths, NOT measured road inundation depth."
road-,,severe_blockage,imerg-2015-11-28_severe_blockage,0.0,safe,False,idw_from_swmm_nodes,1.0,EPSG:4326,synthetic_pilot_network,"flood_depth_m is an IDW proxy from SWMM node depths, NOT measured road inundation depth."
road-,,severe_blockage,imerg-2015-11-28_severe_blockage,0.0,safe,False,idw_from_swmm_nodes,1.0,EPSG:4326,synthetic_pilot_network,"flood_depth_m is an IDW proxy from SWMM node depths, NOT measured road inundation depth."
road-,,severe_blockage,imerg-2015-11-28_severe_blockage,0.0,safe,False,idw_from_swmm_nodes,1.0,EPSG:4326,synthetic_pilot_network,"flood_depth_m is an IDW proxy from SWMM node depths, NOT measured road inundation depth."
road-,,severe_blockage,imerg-2015-11-28_severe_blockage,0.0,safe,False,idw_from_swmm_nodes,1.0,EPSG:4326,synthetic_pilot_network,"flood_depth_m is an IDW proxy from SWMM node depths, NOT measured road inundation depth."
road-,,severe_blockage,imerg-2015-11-28_severe_blockage,0.0,safe,False,idw_from_swmm_nodes,1.0,EPSG:4326,synthetic_pilot_network,"flood_depth_m is an IDW proxy from SWMM node depths, NOT measured road inundation depth."
road-,,severe_blockage,imerg-2015-11-28_severe_blockage,0.0,safe,False,idw_from_swmm_nodes,1.0,EPSG:4326,synthetic_pilot_network,"flood_depth_m is an IDW proxy from SWMM node depths, NOT measured road inundation depth."
road-,,severe_blockage,imerg-2015-11-28_severe_blockage,0.0,safe,False,idw_from_swmm_nodes,1.0,EPSG:4326,synthetic_pilot_network,"flood_depth_m is an IDW proxy from SWMM node depths, NOT measured road inundation depth."
road-,,severe_blockage,imerg-2015-11-28_severe_blockage,0.47,likely,False,idw_from_swmm_nodes,5.0,EPSG:4326,synthetic_pilot_network,"flood_depth_m is an IDW proxy from SWMM node depths, NOT measured road inundation depth."
road-,,severe_blockage,imerg-2015-11-28_severe_blockage,0.0,safe,False,idw_from_swmm_nodes,1.0,EPSG:4326,synthetic_pilot_network,"flood_depth_m is an IDW proxy from SWMM node depths, NOT measured road inundation depth."
road-,,severe_blockage,imerg-2015-11-28_severe_blockage,0.0,safe,False,idw_from_swmm_nodes,1.0,EPSG:4326,synthetic_pilot_network,"flood_depth_m is an IDW proxy from SWMM node depths, NOT measured road inundation depth."
road-,,severe_blockage,imerg-2015-11-28_severe_blockage,0.0,safe,False,idw_from_swmm_nodes,1.0,EPSG:4326,synthetic_pilot_network,"flood_depth_m is an IDW proxy from SWMM node depths, NOT measured road inundation depth."
road-,,severe_blockage,imerg-2015-11-28_severe_blockage,0.0,safe,False,idw_from_swmm_nodes,1.0,EPSG:4326,synthetic_pilot_network,"flood_depth_m is an IDW proxy from SWMM node depths, NOT measured road inundation depth."
road-,,severe_blockage,imerg-2015-11-28_severe_blockage,0.0,safe,False,idw_from_swmm_nodes,1.0,EPSG:4326,synthetic_pilot_network,"flood_depth_m is an IDW proxy from SWMM node depths, NOT measured road inundation depth."
road-,,severe_blockage,imerg-2015-11-28_severe_blockage,0.0,safe,False,idw_from_swmm_nodes,1.0,EPSG:4326,synthetic_pilot_network,"flood_depth_m is an IDW proxy from SWMM node depths, NOT measured road inundation depth."
road-,,severe_blockage,imerg-2015-11-28_severe_blockage,0.0,safe,False,idw_from_swmm_nodes,1.0,EPSG:4326,synthetic_pilot_network,"flood_depth_m is an IDW proxy from SWMM node depths, NOT measured road inundation depth."
road-,,severe_blockage,imerg-2015-11-28_severe_blockage,0.3714,likely,False,idw_from_swmm_nodes,5.0,EPSG:4326,synthetic_pilot_network,"flood_depth_m is an IDW proxy from SWMM node depths, NOT measured road inundation depth."
road-,,severe_blockage,imerg-2015-11-28_severe_blockage,0.0,safe,False,idw_from_swmm_nodes,1.0,EPSG:4326,synthetic_pilot_network,"flood_depth_m is an IDW proxy from SWMM node depths, NOT measured road inundation depth."
road-,,severe_blockage,imerg-2015-11-28_severe_blockage,0.3927,likely,False,idw_from_swmm_nodes,5.0,EPSG:4326,synthetic_pilot_network,"flood_depth_m is an IDW proxy from SWMM node depths, NOT measured road inundation depth."
road-,,severe_blockage,imerg-2015-11-28_severe_blockage,0.0,safe,False,idw_from_swmm_nodes,1.0,EPSG:4326,synthetic_pilot_network,"flood_depth_m is an IDW proxy from SWMM node depths, NOT measured road inundation depth."
road-,,severe_blockage,imerg-2015-11-28_severe_blockage,0.0,safe,False,idw_from_swmm_nodes,1.0,EPSG:4326,synthetic_pilot_network,"flood_depth_m is an IDW proxy from SWMM node depths, NOT measured road inundation depth."
road-,,severe_blockage,imerg-2015-11-28_severe_blockage,0.0,safe,False,idw_from_swmm_nodes,1.0,EPSG:4326,synthetic_pilot_network,"flood_depth_m is an IDW proxy from SWMM node depths, NOT measured road inundation depth."
road-,,severe_blockage,imerg-2015-11-28_severe_blockage,0.0,safe,False,idw_from_swmm_nodes,1.0,EPSG:4326,synthetic_pilot_network,"flood_depth_m is an IDW proxy from SWMM node depths, NOT measured road inundation depth."
road-,,severe_blockage,imerg-2015-11-28_severe_blockage,0.0,safe,False,idw_from_swmm_nodes,1.0,EPSG:4326,synthetic_pilot_network,"flood_depth_m is an IDW proxy from SWMM node depths, NOT measured road inundation depth."
road-,,severe_blockage,imerg-2015-11-28_severe_blockage,0.3709,likely,False,idw_from_swmm_nodes,5.0,EPSG:4326,synthetic_pilot_network,"flood_depth_m is an IDW proxy from SWMM node depths, NOT measured road inundation depth."
road-,,severe_blockage,imerg-2015-11-28_severe_blockage,0.0,safe,False,idw_from_swmm_nodes,1.0,EPSG:4326,synthetic_pilot_network,"flood_depth_m is an IDW proxy from SWMM node depths, NOT measured road inundation depth."
road-,,severe_blockage,imerg-2015-11-28_severe_blockage,0.0,safe,False,idw_from_swmm_nodes,1.0,EPSG:4326,synthetic_pilot_network,"flood_depth_m is an IDW proxy from SWMM node depths, NOT measured road inundation depth."
road-,,severe_blockage,imerg-2015-11-28_severe_blockage,0.0,safe,False,idw_from_swmm_nodes,1.0,EPSG:4326,synthetic_pilot_network,"flood_depth_m is an IDW proxy from SWMM node depths, NOT measured road inundation depth."
road-,,severe_blockage,imerg-2015-11-28_severe_blockage,0.0,safe,False,idw_from_swmm_nodes,1.0,EPSG:4326,synthetic_pilot_network,"flood_depth_m is an IDW proxy from SWMM node depths, NOT measured road inundation depth."
road-,,severe_blockage,imerg-2015-11-28_severe_blockage,0.0,safe,False,idw_from_swmm_nodes,1.0,EPSG:4326,synthetic_pilot_network,"flood_depth_m is an IDW proxy from SWMM node depths, NOT measured road inundation depth."
road-,,severe_blockage,imerg-2015-11-28_severe_blockage,0.3728,likely,False,idw_from_swmm_nodes,5.0,EPSG:4326,synthetic_pilot_network,"flood_depth_m is an IDW proxy from SWMM node depths, NOT measured road inundation depth."
road-,,severe_blockage,imerg-2015-11-28_severe_blockage,0.0,safe,False,idw_from_swmm_nodes,1.0,EPSG:4326,synthetic_pilot_network,"flood_depth_m is an IDW proxy from SWMM node depths, NOT measured road inundation depth."
road-,,severe_blockage,imerg-2015-11-28_severe_blockage,0.0,safe,False,idw_from_swmm_nodes,1.0,EPSG:4326,synthetic_pilot_network,"flood_depth_m is an IDW proxy from SWMM node depths, NOT measured road inundation depth."
road-,,severe_blockage,imerg-2015-11-28_severe_blockage,0.3955,likely,False,idw_from_swmm_nodes,5.0,EPSG:4326,synthetic_pilot_network,"flood_depth_m is an IDW proxy from SWMM node depths, NOT measured road inundation depth."
road-,,severe_blockage,imerg-2015-11-28_severe_blockage,0.0,safe,False,idw_from_swmm_nodes,1.0,EPSG:4326,synthetic_pilot_network,"flood_depth_m is an IDW proxy from SWMM node depths, NOT measured road inundation depth."
road-,,severe_blockage,imerg-2015-11-28_severe_blockage,0.0,safe,False,idw_from_swmm_nodes,1.0,EPSG:4326,synthetic_pilot_network,"flood_depth_m is an IDW proxy from SWMM node depths, NOT measured road inundation depth."
road-,,severe_blockage,imerg-2015-11-28_severe_blockage,0.0,safe,False,idw_from_swmm_nodes,1.0,EPSG:4326,synthetic_pilot_network,"flood_depth_m is an IDW proxy from SWMM node depths, NOT measured road inundation depth."
road-,,severe_blockage,imerg-2015-11-28_severe_blockage,0.0,safe,False,idw_from_swmm_nodes,1.0,EPSG:4326,synthetic_pilot_network,"flood_depth_m is an IDW proxy from SWMM node depths, NOT measured road inundation depth."
road-,,severe_blockage,imerg-2015-11-28_severe_blockage,0.0,safe,False,idw_from_swmm_nodes,1.0,EPSG:4326,synthetic_pilot_network,"flood_depth_m is an IDW proxy from SWMM node depths, NOT measured road inundation depth."
road-,,severe_blockage,imerg-2015-11-28_severe_blockage,0.0,safe,False,idw_from_swmm_nodes,1.0,EPSG:4326,synthetic_pilot_network,"flood_depth_m is an IDW proxy from SWMM node depths, NOT measured road inundation depth."
road-,,severe_blockage,imerg-2015-11-28_severe_blockage,0.0,safe,False,idw_from_swmm_nodes,1.0,EPSG:4326,synthetic_pilot_network,"flood_depth_m is an IDW proxy from SWMM node depths, NOT measured road inundation depth."
road-,,severe_blockage,imerg-2015-11-28_severe_blockage,0.393,likely,False,idw_from_swmm_nodes,5.0,EPSG:4326,synthetic_pilot_network,"flood_depth_m is an IDW proxy from SWMM node depths, NOT measured road inundation depth."
road-,,severe_blockage,imerg-2015-11-28_severe_blockage,0.0,safe,False,idw_from_swmm_nodes,1.0,EPSG:4326,synthetic_pilot_network,"flood_depth_m is an IDW proxy from SWMM node depths, NOT measured road inundation depth."
road-,,severe_blockage,imerg-2015-11-28_severe_blockage,0.0,safe,False,idw_from_swmm_nodes,1.0,EPSG:4326,synthetic_pilot_network,"flood_depth_m is an IDW proxy from SWMM node depths, NOT measured road inundation depth."
road-,,severe_blockage,imerg-2015-11-28_severe_blockage,0.0,safe,False,idw_from_swmm_nodes,1.0,EPSG:4326,synthetic_pilot_network,"flood_depth_m is an IDW proxy from SWMM node depths, NOT measured road inundation depth."
road-,,severe_blockage,imerg-2015-11-28_severe_blockage,0.0,safe,False,idw_from_swmm_nodes,1.0,EPSG:4326,synthetic_pilot_network,"flood_depth_m is an IDW proxy from SWMM node depths, NOT measured road inundation depth."
road-,,severe_blockage,imerg-2015-11-28_severe_blockage,0.3379,likely,False,idw_from_swmm_nodes,5.0,EPSG:4326,synthetic_pilot_network,"flood_depth_m is an IDW proxy from SWMM node depths, NOT measured road inundation depth."
road-,,severe_blockage,imerg-2015-11-28_severe_blockage,0.0,safe,False,idw_from_swmm_nodes,1.0,EPSG:4326,synthetic_pilot_network,"flood_depth_m is an IDW proxy from SWMM node depths, NOT measured road inundation depth."
road-,,severe_blockage,imerg-2015-11-28_severe_blockage,0.0,safe,False,idw_from_swmm_nodes,1.0,EPSG:4326,synthetic_pilot_network,"flood_depth_m is an IDW proxy from SWMM node depths, NOT measured road inundation depth."
road-,,severe_blockage,imerg-2015-11-28_severe_blockage,0.0,safe,False,idw_from_swmm_nodes,1.0,EPSG:4326,synthetic_pilot_network,"flood_depth_m is an IDW proxy from SWMM node depths, NOT measured road inundation depth."
road-,,severe_blockage,imerg-2015-11-28_severe_blockage,0.0,safe,False,idw_from_swmm_nodes,1.0,EPSG:4326,synthetic_pilot_network,"flood_depth_m is an IDW proxy from SWMM node depths, NOT measured road inundation depth."
road-,,severe_blockage,imerg-2015-11-28_severe_blockage,0.0,safe,False,idw_from_swmm_nodes,1.0,EPSG:4326,synthetic_pilot_network,"flood_depth_m is an IDW proxy from SWMM node depths, NOT measured road inundation depth."
road-,,severe_blockage,imerg-2015-11-28_severe_blockage,0.0,safe,False,idw_from_swmm_nodes,1.0,EPSG:4326,synthetic_pilot_network,"flood_depth_m is an IDW proxy from SWMM node depths, NOT measured road inundation depth."
road-,,severe_blockage,imerg-2015-11-28_severe_blockage,0.0,safe,False,idw_from_swmm_nodes,1.0,EPSG:4326,synthetic_pilot_network,"flood_depth_m is an IDW proxy from SWMM node depths, NOT measured road inundation depth."
road-,,severe_blockage,imerg-2015-11-28_severe_blockage,0.0,safe,False,idw_from_swmm_nodes,1.0,EPSG:4326,synthetic_pilot_network,"flood_depth_m is an IDW proxy from SWMM node depths, NOT measured road inundation depth."
road-,,severe_blockage,imerg-2015-11-28_severe_blockage,0.0,safe,False,idw_from_swmm_nodes,1.0,EPSG:4326,synthetic_pilot_network,"flood_depth_m is an IDW proxy from SWMM node depths, NOT measured road inundation depth."
road-,,severe_blockage,imerg-2015-11-28_severe_blockage,0.0,safe,False,idw_from_swmm_nodes,1.0,EPSG:4326,synthetic_pilot_network,"flood_depth_m is an IDW proxy from SWMM node depths, NOT measured road inundation depth."
road-,,severe_blockage,imerg-2015-11-28_severe_blockage,0.3823,likely,False,idw_from_swmm_nodes,5.0,EPSG:4326,synthetic_pilot_network,"flood_depth_m is an IDW proxy from SWMM node depths, NOT measured road inundation depth."
road-,,severe_blockage,imerg-2015-11-28_severe_blockage,0.371,likely,False,idw_from_swmm_nodes,5.0,EPSG:4326,synthetic_pilot_network,"flood_depth_m is an IDW proxy from SWMM node depths, NOT measured road inundation depth."
road-,,severe_blockage,imerg-2015-11-28_severe_blockage,0.3896,likely,False,idw_from_swmm_nodes,5.0,EPSG:4326,synthetic_pilot_network,"flood_depth_m is an IDW proxy from SWMM node depths, NOT measured road inundation depth."
road-,,severe_blockage,imerg-2015-11-28_severe_blockage,0.0,safe,False,idw_from_swmm_nodes,1.0,EPSG:4326,synthetic_pilot_network,"flood_depth_m is an IDW proxy from SWMM node depths, NOT measured road inundation depth."
road-,,severe_blockage,imerg-2015-11-28_severe_blockage,0.0,safe,False,idw_from_swmm_nodes,1.0,EPSG:4326,synthetic_pilot_network,"flood_depth_m is an IDW proxy from SWMM node depths, NOT measured road inundation depth."
road-,,severe_blockage,imerg-2015-11-28_severe_blockage,0.0,safe,False,idw_from_swmm_nodes,1.0,EPSG:4326,synthetic_pilot_network,"flood_depth_m is an IDW proxy from SWMM node depths, NOT measured road inundation depth."
road-,,severe_blockage,imerg-2015-11-28_severe_blockage,0.0,safe,False,idw_from_swmm_nodes,1.0,EPSG:4326,synthetic_pilot_network,"flood_depth_m is an IDW proxy from SWMM node depths, NOT measured road inundation depth."
road-,,severe_blockage,imerg-2015-11-28_severe_blockage,0.0,safe,False,idw_from_swmm_nodes,1.0,EPSG:4326,synthetic_pilot_network,"flood_depth_m is an IDW proxy from SWMM node depths, NOT measured road inundation depth."
road-,,severe_blockage,imerg-2015-11-28_severe_blockage,0.4058,likely,False,idw_from_swmm_nodes,5.0,EPSG:4326,synthetic_pilot_network,"flood_depth_m is an IDW proxy from SWMM node depths, NOT measured road inundation depth."
road-,,severe_blockage,imerg-2015-11-28_severe_blockage,0.0,safe,False,idw_from_swmm_nodes,1.0,EPSG:4326,synthetic_pilot_network,"flood_depth_m is an IDW proxy from SWMM node depths, NOT measured road inundation depth."
road-,,severe_blockage,imerg-2015-11-28_severe_blockage,0.3975,likely,False,idw_from_swmm_nodes,5.0,EPSG:4326,synthetic_pilot_network,"flood_depth_m is an IDW proxy from SWMM node depths, NOT measured road inundation depth."
road-,,severe_blockage,imerg-2015-11-28_severe_blockage,0.0,safe,False,idw_from_swmm_nodes,1.0,EPSG:4326,synthetic_pilot_network,"flood_depth_m is an IDW proxy from SWMM node depths, NOT measured road inundation depth."
road-,,severe_blockage,imerg-2015-11-28_severe_blockage,0.3849,likely,False,idw_from_swmm_nodes,5.0,EPSG:4326,synthetic_pilot_network,"flood_depth_m is an IDW proxy from SWMM node depths, NOT measured road inundation depth."
road-,,severe_blockage,imerg-2015-11-28_severe_blockage,0.0,safe,False,idw_from_swmm_nodes,1.0,EPSG:4326,synthetic_pilot_network,"flood_depth_m is an IDW proxy from SWMM node depths, NOT measured road inundation depth."
road-,,severe_blockage,imerg-2015-11-28_severe_blockage,0.3928,likely,False,idw_from_swmm_nodes,5.0,EPSG:4326,synthetic_pilot_network,"flood_depth_m is an IDW proxy from SWMM node depths, NOT measured road inundation depth."
road-,,severe_blockage,imerg-2015-11-28_severe_blockage,0.3956,likely,False,idw_from_swmm_nodes,5.0,EPSG:4326,synthetic_pilot_network,"flood_depth_m is an IDW proxy from SWMM node depths, NOT measured road inundation depth."
road-,,severe_blockage,imerg-2015-11-28_severe_blockage,0.0,safe,False,idw_from_swmm_nodes,1.0,EPSG:4326,synthetic_pilot_network,"flood_depth_m is an IDW proxy from SWMM node depths, NOT measured road inundation depth."
road-,,severe_blockage,imerg-2015-11-28_severe_blockage,0.0,safe,False,idw_from_swmm_nodes,1.0,EPSG:4326,synthetic_pilot_network,"flood_depth_m is an IDW proxy from SWMM node depths, NOT measured road inundation depth."
road-,,severe_blockage,imerg-2015-11-28_severe_blockage,0.3633,likely,False,idw_from_swmm_nodes,5.0,EPSG:4326,synthetic_pilot_network,"flood_depth_m is an IDW proxy from SWMM node depths, NOT measured road inundation depth."
road-,,severe_blockage,imerg-2015-11-28_severe_blockage,0.0,safe,False,idw_from_swmm_nodes,1.0,EPSG:4326,synthetic_pilot_network,"flood_depth_m is an IDW proxy from SWMM node depths, NOT measured road inundation depth."
road-,,severe_blockage,imerg-2015-11-28_severe_blockage,0.0,safe,False,idw_from_swmm_nodes,1.0,EPSG:4326,synthetic_pilot_network,"flood_depth_m is an IDW proxy from SWMM node depths, NOT measured road inundation depth."
road-,,severe_blockage,imerg-2015-11-28_severe_blockage,0.0,safe,False,idw_from_swmm_nodes,1.0,EPSG:4326,synthetic_pilot_network,"flood_depth_m is an IDW proxy from SWMM node depths, NOT measured road inundation depth."
road-,,severe_blockage,imerg-2015-11-28_severe_blockage,0.0,safe,False,idw_from_swmm_nodes,1.0,EPSG:4326,synthetic_pilot_network,"flood_depth_m is an IDW proxy from SWMM node depths, NOT measured road inundation depth."
road-,,severe_blockage,imerg-2015-11-28_severe_blockage,0.0,safe,False,idw_from_swmm_nodes,1.0,EPSG:4326,synthetic_pilot_network,"flood_depth_m is an IDW proxy from SWMM node depths, NOT measured road inundation depth."
road-,,severe_blockage,imerg-2015-11-28_severe_blockage,0.0,safe,False,idw_from_swmm_nodes,1.0,EPSG:4326,synthetic_pilot_network,"flood_depth_m is an IDW proxy from SWMM node depths, NOT measured road inundation depth."
road-,,severe_blockage,imerg-2015-11-28_severe_blockage,0.0,safe,False,idw_from_swmm_nodes,1.0,EPSG:4326,synthetic_pilot_network,"flood_depth_m is an IDW proxy from SWMM node depths, NOT measured road inundation depth."
road-,,severe_blockage,imerg-2015-11-28_severe_blockage,0.0,safe,False,idw_from_swmm_nodes,1.0,EPSG:4326,synthetic_pilot_network,"flood_depth_m is an IDW proxy from SWMM node depths, NOT measured road inundation depth."
road-,,severe_blockage,imerg-2015-11-28_severe_blockage,0.0,safe,False,idw_from_swmm_nodes,1.0,EPSG:4326,synthetic_pilot_network,"flood_depth_m is an IDW proxy from SWMM node depths, NOT measured road inundation depth."
road-,,severe_blockage,imerg-2015-11-28_severe_blockage,0.0,safe,False,idw_from_swmm_nodes,1.0,EPSG:4326,synthetic_pilot_network,"flood_depth_m is an IDW proxy from SWMM node depths, NOT measured road inundation depth."
road-,,severe_blockage,imerg-2015-11-28_severe_blockage,0.0,safe,False,idw_from_swmm_nodes,1.0,EPSG:4326,synthetic_pilot_network,"flood_depth_m is an IDW proxy from SWMM node depths, NOT measured road inundation depth."
road-,,severe_blockage,imerg-2015-11-28_severe_blockage,0.4224,likely,False,idw_from_swmm_nodes,5.0,EPSG:4326,synthetic_pilot_network,"flood_depth_m is an IDW proxy from SWMM node depths, NOT measured road inundation depth."
road-,,severe_blockage,imerg-2015-11-28_severe_blockage,0.0,safe,False,idw_from_swmm_nodes,1.0,EPSG:4326,synthetic_pilot_network,"flood_depth_m is an IDW proxy from SWMM node depths, NOT measured road inundation depth."
road-,,severe_blockage,imerg-2015-11-28_severe_blockage,0.0,safe,False,idw_from_swmm_nodes,1.0,EPSG:4326,synthetic_pilot_network,"flood_depth_m is an IDW proxy from SWMM node depths, NOT measured road inundation depth."
road-,,severe_blockage,imerg-2015-11-28_severe_blockage,0.0,safe,False,idw_from_swmm_nodes,1.0,EPSG:4326,synthetic_pilot_network,"flood_depth_m is an IDW proxy from SWMM node depths, NOT measured road inundation depth."
road-,,severe_blockage,imerg-2015-11-28_severe_blockage,0.0,safe,False,idw_from_swmm_nodes,1.0,EPSG:4326,synthetic_pilot_network,"flood_depth_m is an IDW proxy from SWMM node depths, NOT measured road inundation depth."
road-,,severe_blockage,imerg-2015-11-28_severe_blockage,0.0,safe,False,idw_from_swmm_nodes,1.0,EPSG:4326,synthetic_pilot_network,"flood_depth_m is an IDW proxy from SWMM node depths, NOT measured road inundation depth."
road-,,severe_blockage,imerg-2015-11-28_severe_blockage,0.0,safe,False,idw_from_swmm_nodes,1.0,EPSG:4326,synthetic_pilot_network,"flood_depth_m is an IDW proxy from SWMM node depths, NOT measured road inundation depth."
road-,,severe_blockage,imerg-2015-11-28_severe_blockage,0.0,safe,False,idw_from_swmm_nodes,1.0,EPSG:4326,synthetic_pilot_network,"flood_depth_m is an IDW proxy from SWMM node depths, NOT measured road inundation depth."
road-,,severe_blockage,imerg-2015-11-28_severe_blockage,0.0,safe,False,idw_from_swmm_nodes,1.0,EPSG:4326,synthetic_pilot_network,"flood_depth_m is an IDW proxy from SWMM node depths, NOT measured road inundation depth."
road-,,severe_blockage,imerg-2015-11-28_severe_blockage,0.0,safe,False,idw_from_swmm_nodes,1.0,EPSG:4326,synthetic_pilot_network,"flood_depth_m is an IDW proxy from SWMM node depths, NOT measured road inundation depth."
road-,,severe_blockage,imerg-2015-11-28_severe_blockage,0.393,likely,False,idw_from_swmm_nodes,5.0,EPSG:4326,synthetic_pilot_network,"flood_depth_m is an IDW proxy from SWMM node depths, NOT measured road inundation depth."
road-,,severe_blockage,imerg-2015-11-28_severe_blockage,0.0,safe,False,idw_from_swmm_nodes,1.0,EPSG:4326,synthetic_pilot_network,"flood_depth_m is an IDW proxy from SWMM node depths, NOT measured road inundation depth."
road-,,severe_blockage,imerg-2015-11-28_severe_blockage,0.0,safe,False,idw_from_swmm_nodes,1.0,EPSG:4326,synthetic_pilot_network,"flood_depth_m is an IDW proxy from SWMM node depths, NOT measured road inundation depth."
road-,,severe_blockage,imerg-2015-11-28_severe_blockage,0.0,safe,False,idw_from_swmm_nodes,1.0,EPSG:4326,synthetic_pilot_network,"flood_depth_m is an IDW proxy from SWMM node depths, NOT measured road inundation depth."
road-,,severe_blockage,imerg-2015-11-28_severe_blockage,0.0,safe,False,idw_from_swmm_nodes,1.0,EPSG:4326,synthetic_pilot_network,"flood_depth_m is an IDW proxy from SWMM node depths, NOT measured road inundation depth."
road-,,severe_blockage,imerg-2015-11-28_severe_blockage,0.0,safe,False,idw_from_swmm_nodes,1.0,EPSG:4326,synthetic_pilot_network,"flood_depth_m is an IDW proxy from SWMM node depths, NOT measured road inundation depth."
road-,,severe_blockage,imerg-2015-11-28_severe_blockage,0.3765,likely,False,idw_from_swmm_nodes,5.0,EPSG:4326,synthetic_pilot_network,"flood_depth_m is an IDW proxy from SWMM node depths, NOT measured road inundation depth."
road-,,severe_blockage,imerg-2015-11-28_severe_blockage,0.0,safe,False,idw_from_swmm_nodes,1.0,EPSG:4326,synthetic_pilot_network,"flood_depth_m is an IDW proxy from SWMM node depths, NOT measured road inundation depth."
road-,,severe_blockage,imerg-2015-11-28_severe_blockage,0.0,safe,False,idw_from_swmm_nodes,1.0,EPSG:4326,synthetic_pilot_network,"flood_depth_m is an IDW proxy from SWMM node depths, NOT measured road inundation depth."
road-,,severe_blockage,imerg-2015-11-28_severe_blockage,0.0,safe,False,idw_from_swmm_nodes,1.0,EPSG:4326,synthetic_pilot_network,"flood_depth_m is an IDW proxy from SWMM node depths, NOT measured road inundation depth."
road-,,severe_blockage,imerg-2015-11-28_severe_blockage,0.0,safe,False,idw_from_swmm_nodes,1.0,EPSG:4326,synthetic_pilot_network,"flood_depth_m is an IDW proxy from SWMM node depths, NOT measured road inundation depth."
road-,,severe_blockage,imerg-2015-11-28_severe_blockage,0.0,safe,False,idw_from_swmm_nodes,1.0,EPSG:4326,synthetic_pilot_network,"flood_depth_m is an IDW proxy from SWMM node depths, NOT measured road inundation depth."
road-,,severe_blockage,imerg-2015-11-28_severe_blockage,0.0,safe,False,idw_from_swmm_nodes,1.0,EPSG:4326,synthetic_pilot_network,"flood_depth_m is an IDW proxy from SWMM node depths, NOT measured road inundation depth."
road-,,severe_blockage,imerg-2015-11-28_severe_blockage,0.0,safe,False,idw_from_swmm_nodes,1.0,EPSG:4326,synthetic_pilot_network,"flood_depth_m is an IDW proxy from SWMM node depths, NOT measured road inundation depth."
road-,,severe_blockage,imerg-2015-11-28_severe_blockage,0.0,safe,False,idw_from_swmm_nodes,1.0,EPSG:4326,synthetic_pilot_network,"flood_depth_m is an IDW proxy from SWMM node depths, NOT measured road inundation depth."
road-,,severe_blockage,imerg-2015-11-28_severe_blockage,0.3727,likely,False,idw_from_swmm_nodes,5.0,EPSG:4326,synthetic_pilot_network,"flood_depth_m is an IDW proxy from SWMM node depths, NOT measured road inundation depth."
road-,,severe_blockage,imerg-2015-11-28_severe_blockage,0.0,safe,False,idw_from_swmm_nodes,1.0,EPSG:4326,synthetic_pilot_network,"flood_depth_m is an IDW proxy from SWMM node depths, NOT measured road inundation depth."
road-,,severe_blockage,imerg-2015-11-28_severe_blockage,0.0,safe,False,idw_from_swmm_nodes,1.0,EPSG:4326,synthetic_pilot_network,"flood_depth_m is an IDW proxy from SWMM node depths, NOT measured road inundation depth."
road-,,severe_blockage,imerg-2015-11-28_severe_blockage,0.0,safe,False,idw_from_swmm_nodes,1.0,EPSG:4326,synthetic_pilot_network,"flood_depth_m is an IDW proxy from SWMM node depths, NOT measured road inundation depth."
road-,,severe_blockage,imerg-2015-11-28_severe_blockage,0.0,safe,False,idw_from_swmm_nodes,1.0,EPSG:4326,synthetic_pilot_network,"flood_depth_m is an IDW proxy from SWMM node depths, NOT measured road inundation depth."
road-,,severe_blockage,imerg-2015-11-28_severe_blockage,0.4019,likely,False,idw_from_swmm_nodes,5.0,EPSG:4326,synthetic_pilot_network,"flood_depth_m is an IDW proxy from SWMM node depths, NOT measured road inundation depth."
road-,,severe_blockage,imerg-2015-11-28_severe_blockage,0.3716,likely,False,idw_from_swmm_nodes,5.0,EPSG:4326,synthetic_pilot_network,"flood_depth_m is an IDW proxy from SWMM node depths, NOT measured road inundation depth."
road-,,severe_blockage,imerg-2015-11-28_severe_blockage,0.0,safe,False,idw_from_swmm_nodes,1.0,EPSG:4326,synthetic_pilot_network,"flood_depth_m is an IDW proxy from SWMM node depths, NOT measured road inundation depth."
road-,,severe_blockage,imerg-2015-11-28_severe_blockage,0.0,safe,False,idw_from_swmm_nodes,1.0,EPSG:4326,synthetic_pilot_network,"flood_depth_m is an IDW proxy from SWMM node depths, NOT measured road inundation depth."
road-,,severe_blockage,imerg-2015-11-28_severe_blockage,0.0,safe,False,idw_from_swmm_nodes,1.0,EPSG:4326,synthetic_pilot_network,"flood_depth_m is an IDW proxy from SWMM node depths, NOT measured road inundation depth."
road-,,severe_blockage,imerg-2015-11-28_severe_blockage,0.0,safe,False,idw_from_swmm_nodes,1.0,EPSG:4326,synthetic_pilot_network,"flood_depth_m is an IDW proxy from SWMM node depths, NOT measured road inundation depth."
road-,,severe_blockage,imerg-2015-11-28_severe_blockage,0.0,safe,False,idw_from_swmm_nodes,1.0,EPSG:4326,synthetic_pilot_network,"flood_depth_m is an IDW proxy from SWMM node depths, NOT measured road inundation depth."
road-,,severe_blockage,imerg-2015-11-28_severe_blockage,0.0,safe,False,idw_from_swmm_nodes,1.0,EPSG:4326,synthetic_pilot_network,"flood_depth_m is an IDW proxy from SWMM node depths, NOT measured road inundation depth."
road-,,severe_blockage,imerg-2015-11-28_severe_blockage,0.3877,likely,False,idw_from_swmm_nodes,5.0,EPSG:4326,synthetic_pilot_network,"flood_depth_m is an IDW proxy from SWMM node depths, NOT measured road inundation depth."
road-,,severe_blockage,imerg-2015-11-28_severe_blockage,0.0,safe,False,idw_from_swmm_nodes,1.0,EPSG:4326,synthetic_pilot_network,"flood_depth_m is an IDW proxy from SWMM node depths, NOT measured road inundation depth."
road-,,severe_blockage,imerg-2015-11-28_severe_blockage,0.0,safe,False,idw_from_swmm_nodes,1.0,EPSG:4326,synthetic_pilot_network,"flood_depth_m is an IDW proxy from SWMM node depths, NOT measured road inundation depth."
road-,,severe_blockage,imerg-2015-11-28_severe_blockage,0.0,safe,False,idw_from_swmm_nodes,1.0,EPSG:4326,synthetic_pilot_network,"flood_depth_m is an IDW proxy from SWMM node depths, NOT measured road inundation depth."
road-,,severe_blockage,imerg-2015-11-28_severe_blockage,0.0,safe,False,idw_from_swmm_nodes,1.0,EPSG:4326,synthetic_pilot_network,"flood_depth_m is an IDW proxy from SWMM node depths, NOT measured road inundation depth."
road-,,severe_blockage,imerg-2015-11-28_severe_blockage,0.0,safe,False,idw_from_swmm_nodes,1.0,EPSG:4326,synthetic_pilot_network,"flood_depth_m is an IDW proxy from SWMM node depths, NOT measured road inundation depth."
road-,,severe_blockage,imerg-2015-11-28_severe_blockage,0.0,safe,False,idw_from_swmm_nodes,1.0,EPSG:4326,synthetic_pilot_network,"flood_depth_m is an IDW proxy from SWMM node depths, NOT measured road inundation depth."
road-,,severe_blockage,imerg-2015-11-28_severe_blockage,0.0,safe,False,idw_from_swmm_nodes,1.0,EPSG:4326,synthetic_pilot_network,"flood_depth_m is an IDW proxy from SWMM node depths, NOT measured road inundation depth."
road-,,severe_blockage,imerg-2015-11-28_severe_blockage,0.0,safe,False,idw_from_swmm_nodes,1.0,EPSG:4326,synthetic_pilot_network,"flood_depth_m is an IDW proxy from SWMM node depths, NOT measured road inundation depth."
road-,,severe_blockage,imerg-2015-11-28_severe_blockage,0.0,safe,False,idw_from_swmm_nodes,1.0,EPSG:4326,synthetic_pilot_network,"flood_depth_m is an IDW proxy from SWMM node depths, NOT measured road inundation depth."
road-,,severe_blockage,imerg-2015-11-28_severe_blockage,0.0,safe,False,idw_from_swmm_nodes,1.0,EPSG:4326,synthetic_pilot_network,"flood_depth_m is an IDW proxy from SWMM node depths, NOT measured road inundation depth."
road-,,severe_blockage,imerg-2015-11-28_severe_blockage,0.0,safe,False,idw_from_swmm_nodes,1.0,EPSG:4326,synthetic_pilot_network,"flood_depth_m is an IDW proxy from SWMM node depths, NOT measured road inundation depth."
road-,,severe_blockage,imerg-2015-11-28_severe_blockage,0.0,safe,False,idw_from_swmm_nodes,1.0,EPSG:4326,synthetic_pilot_network,"flood_depth_m is an IDW proxy from SWMM node depths, NOT measured road inundation depth."
road-,,severe_blockage,imerg-2015-11-28_severe_blockage,0.0,safe,False,idw_from_swmm_nodes,1.0,EPSG:4326,synthetic_pilot_network,"flood_depth_m is an IDW proxy from SWMM node depths, NOT measured road inundation depth."
road-,,severe_blockage,imerg-2015-11-28_severe_blockage,0.0,safe,False,idw_from_swmm_nodes,1.0,EPSG:4326,synthetic_pilot_network,"flood_depth_m is an IDW proxy from SWMM node depths, NOT measured road inundation depth."
road-,,severe_blockage,imerg-2015-11-28_severe_blockage,0.0,safe,False,idw_from_swmm_nodes,1.0,EPSG:4326,synthetic_pilot_network,"flood_depth_m is an IDW proxy from SWMM node depths, NOT measured road inundation depth."
road-,,severe_blockage,imerg-2015-11-28_severe_blockage,0.0,safe,False,idw_from_swmm_nodes,1.0,EPSG:4326,synthetic_pilot_network,"flood_depth_m is an IDW proxy from SWMM node depths, NOT measured road inundation depth."
road-,,severe_blockage,imerg-2015-11-28_severe_blockage,0.0,safe,False,idw_from_swmm_nodes,1.0,EPSG:4326,synthetic_pilot_network,"flood_depth_m is an IDW proxy from SWMM node depths, NOT measured road inundation depth."
road-,,severe_blockage,imerg-2015-11-28_severe_blockage,0.0,safe,False,idw_from_swmm_nodes,1.0,EPSG:4326,synthetic_pilot_network,"flood_depth_m is an IDW proxy from SWMM node depths, NOT measured road inundation depth."
road-,,severe_blockage,imerg-2015-11-28_severe_blockage,0.0,safe,False,idw_from_swmm_nodes,1.0,EPSG:4326,synthetic_pilot_network,"flood_depth_m is an IDW proxy from SWMM node depths, NOT measured road inundation depth."
road-,,severe_blockage,imerg-2015-11-28_severe_blockage,0.0,safe,False,idw_from_swmm_nodes,1.0,EPSG:4326,synthetic_pilot_network,"flood_depth_m is an IDW proxy from SWMM node depths, NOT measured road inundation depth."
road-,,severe_blockage,imerg-2015-11-28_severe_blockage,0.3888,likely,False,idw_from_swmm_nodes,5.0,EPSG:4326,synthetic_pilot_network,"flood_depth_m is an IDW proxy from SWMM node depths, NOT measured road inundation depth."
road-,,severe_blockage,imerg-2015-11-28_severe_blockage,0.0,safe,False,idw_from_swmm_nodes,1.0,EPSG:4326,synthetic_pilot_network,"flood_depth_m is an IDW proxy from SWMM node depths, NOT measured road inundation depth."
road-,,severe_blockage,imerg-2015-11-28_severe_blockage,0.3985,likely,False,idw_from_swmm_nodes,5.0,EPSG:4326,synthetic_pilot_network,"flood_depth_m is an IDW proxy from SWMM node depths, NOT measured road inundation depth."
road-,,severe_blockage,imerg-2015-11-28_severe_blockage,0.3895,likely,False,idw_from_swmm_nodes,5.0,EPSG:4326,synthetic_pilot_network,"flood_depth_m is an IDW proxy from SWMM node depths, NOT measured road inundation depth."
road-,,severe_blockage,imerg-2015-11-28_severe_blockage,0.0,safe,False,idw_from_swmm_nodes,1.0,EPSG:4326,synthetic_pilot_network,"flood_depth_m is an IDW proxy from SWMM node depths, NOT measured road inundation depth."
road-,,severe_blockage,imerg-2015-11-28_severe_blockage,0.3662,likely,False,idw_from_swmm_nodes,5.0,EPSG:4326,synthetic_pilot_network,"flood_depth_m is an IDW proxy from SWMM node depths, NOT measured road inundation depth."
road-,,severe_blockage,imerg-2015-11-28_severe_blockage,0.3832,likely,False,idw_from_swmm_nodes,5.0,EPSG:4326,synthetic_pilot_network,"flood_depth_m is an IDW proxy from SWMM node depths, NOT measured road inundation depth."
road-,,severe_blockage,imerg-2015-11-28_severe_blockage,0.0,safe,False,idw_from_swmm_nodes,1.0,EPSG:4326,synthetic_pilot_network,"flood_depth_m is an IDW proxy from SWMM node depths, NOT measured road inundation depth."
road-,,severe_blockage,imerg-2015-11-28_severe_blockage,0.0,safe,False,idw_from_swmm_nodes,1.0,EPSG:4326,synthetic_pilot_network,"flood_depth_m is an IDW proxy from SWMM node depths, NOT measured road inundation depth."
road-,,severe_blockage,imerg-2015-11-28_severe_blockage,0.0,safe,False,idw_from_swmm_nodes,1.0,EPSG:4326,synthetic_pilot_network,"flood_depth_m is an IDW proxy from SWMM node depths, NOT measured road inundation depth."
road-,,severe_blockage,imerg-2015-11-28_severe_blockage,0.0,safe,False,idw_from_swmm_nodes,1.0,EPSG:4326,synthetic_pilot_network,"flood_depth_m is an IDW proxy from SWMM node depths, NOT measured road inundation depth."
road-,,severe_blockage,imerg-2015-11-28_severe_blockage,0.0,safe,False,idw_from_swmm_nodes,1.0,EPSG:4326,synthetic_pilot_network,"flood_depth_m is an IDW proxy from SWMM node depths, NOT measured road inundation depth."
road-,,severe_blockage,imerg-2015-11-28_severe_blockage,0.0,safe,False,idw_from_swmm_nodes,1.0,EPSG:4326,synthetic_pilot_network,"flood_depth_m is an IDW proxy from SWMM node depths, NOT measured road inundation depth."
road-,,severe_blockage,imerg-2015-11-28_severe_blockage,0.0,safe,False,idw_from_swmm_nodes,1.0,EPSG:4326,synthetic_pilot_network,"flood_depth_m is an IDW proxy from SWMM node depths, NOT measured road inundation depth."
road-,,severe_blockage,imerg-2015-11-28_severe_blockage,0.0,safe,False,idw_from_swmm_nodes,1.0,EPSG:4326,synthetic_pilot_network,"flood_depth_m is an IDW proxy from SWMM node depths, NOT measured road inundation depth."
road-,,severe_blockage,imerg-2015-11-28_severe_blockage,0.0,safe,False,idw_from_swmm_nodes,1.0,EPSG:4326,synthetic_pilot_network,"flood_depth_m is an IDW proxy from SWMM node depths, NOT measured road inundation depth."
road-,,severe_blockage,imerg-2015-11-28_severe_blockage,0.0,safe,False,idw_from_swmm_nodes,1.0,EPSG:4326,synthetic_pilot_network,"flood_depth_m is an IDW proxy from SWMM node depths, NOT measured road inundation depth."
road-,,severe_blockage,imerg-2015-11-28_severe_blockage,0.0,safe,False,idw_from_swmm_nodes,1.0,EPSG:4326,synthetic_pilot_network,"flood_depth_m is an IDW proxy from SWMM node depths, NOT measured road inundation depth."
road-,,severe_blockage,imerg-2015-11-28_severe_blockage,0.0,safe,False,idw_from_swmm_nodes,1.0,EPSG:4326,synthetic_pilot_network,"flood_depth_m is an IDW proxy from SWMM node depths, NOT measured road inundation depth."
road-,,severe_blockage,imerg-2015-11-28_severe_blockage,0.0,safe,False,idw_from_swmm_nodes,1.0,EPSG:4326,synthetic_pilot_network,"flood_depth_m is an IDW proxy from SWMM node depths, NOT measured road inundation depth."
road-,,severe_blockage,imerg-2015-11-28_severe_blockage,0.0,safe,False,idw_from_swmm_nodes,1.0,EPSG:4326,synthetic_pilot_network,"flood_depth_m is an IDW proxy from SWMM node depths, NOT measured road inundation depth."
road-,,severe_blockage,imerg-2015-11-28_severe_blockage,0.0,safe,False,idw_from_swmm_nodes,1.0,EPSG:4326,synthetic_pilot_network,"flood_depth_m is an IDW proxy from SWMM node depths, NOT measured road inundation depth."
road-,,severe_blockage,imerg-2015-11-28_severe_blockage,0.0,safe,False,idw_from_swmm_nodes,1.0,EPSG:4326,synthetic_pilot_network,"flood_depth_m is an IDW proxy from SWMM node depths, NOT measured road inundation depth."
road-,,severe_blockage,imerg-2015-11-28_severe_blockage,0.0,safe,False,idw_from_swmm_nodes,1.0,EPSG:4326,synthetic_pilot_network,"flood_depth_m is an IDW proxy from SWMM node depths, NOT measured road inundation depth."
road-,,severe_blockage,imerg-2015-11-28_severe_blockage,0.47,likely,False,idw_from_swmm_nodes,5.0,EPSG:4326,synthetic_pilot_network,"flood_depth_m is an IDW proxy from SWMM node depths, NOT measured road inundation depth."
road-,,severe_blockage,imerg-2015-11-28_severe_blockage,0.0,safe,False,idw_from_swmm_nodes,1.0,EPSG:4326,synthetic_pilot_network,"flood_depth_m is an IDW proxy from SWMM node depths, NOT measured road inundation depth."
road-,,severe_blockage,imerg-2015-11-28_severe_blockage,0.0,safe,False,idw_from_swmm_nodes,1.0,EPSG:4326,synthetic_pilot_network,"flood_depth_m is an IDW proxy from SWMM node depths, NOT measured road inundation depth."
road-,,severe_blockage,imerg-2015-11-28_severe_blockage,0.0,safe,False,idw_from_swmm_nodes,1.0,EPSG:4326,synthetic_pilot_network,"flood_depth_m is an IDW proxy from SWMM node depths, NOT measured road inundation depth."
road-,,severe_blockage,imerg-2015-11-28_severe_blockage,0.0,safe,False,idw_from_swmm_nodes,1.0,EPSG:4326,synthetic_pilot_network,"flood_depth_m is an IDW proxy from SWMM node depths, NOT measured road inundation depth."
road-,,severe_blockage,imerg-2015-11-28_severe_blockage,0.0,safe,False,idw_from_swmm_nodes,1.0,EPSG:4326,synthetic_pilot_network,"flood_depth_m is an IDW proxy from SWMM node depths, NOT measured road inundation depth."
road-,,severe_blockage,imerg-2015-11-28_severe_blockage,0.0,safe,False,idw_from_swmm_nodes,1.0,EPSG:4326,synthetic_pilot_network,"flood_depth_m is an IDW proxy from SWMM node depths, NOT measured road inundation depth."
road-,,severe_blockage,imerg-2015-11-28_severe_blockage,0.0,safe,False,idw_from_swmm_nodes,1.0,EPSG:4326,synthetic_pilot_network,"flood_depth_m is an IDW proxy from SWMM node depths, NOT measured road inundation depth."
road-,,severe_blockage,imerg-2015-11-28_severe_blockage,0.0,safe,False,idw_from_swmm_nodes,1.0,EPSG:4326,synthetic_pilot_network,"flood_depth_m is an IDW proxy from SWMM node depths, NOT measured road inundation depth."
road-,,severe_blockage,imerg-2015-11-28_severe_blockage,0.0,safe,False,idw_from_swmm_nodes,1.0,EPSG:4326,synthetic_pilot_network,"flood_depth_m is an IDW proxy from SWMM node depths, NOT measured road inundation depth."
road-,,severe_blockage,imerg-2015-11-28_severe_blockage,0.0,safe,False,idw_from_swmm_nodes,1.0,EPSG:4326,synthetic_pilot_network,"flood_depth_m is an IDW proxy from SWMM node depths, NOT measured road inundation depth."
road-,,severe_blockage,imerg-2015-11-28_severe_blockage,0.0,safe,False,idw_from_swmm_nodes,1.0,EPSG:4326,synthetic_pilot_network,"flood_depth_m is an IDW proxy from SWMM node depths, NOT measured road inundation depth."
road-,,severe_blockage,imerg-2015-11-28_severe_blockage,0.0,safe,False,idw_from_swmm_nodes,1.0,EPSG:4326,synthetic_pilot_network,"flood_depth_m is an IDW proxy from SWMM node depths, NOT measured road inundation depth."
road-,,severe_blockage,imerg-2015-11-28_severe_blockage,0.0,safe,False,idw_from_swmm_nodes,1.0,EPSG:4326,synthetic_pilot_network,"flood_depth_m is an IDW proxy from SWMM node depths, NOT measured road inundation depth."
road-,,severe_blockage,imerg-2015-11-28_severe_blockage,0.0,safe,False,idw_from_swmm_nodes,1.0,EPSG:4326,synthetic_pilot_network,"flood_depth_m is an IDW proxy from SWMM node depths, NOT measured road inundation depth."
road-,,severe_blockage,imerg-2015-11-28_severe_blockage,0.0,safe,False,idw_from_swmm_nodes,1.0,EPSG:4326,synthetic_pilot_network,"flood_depth_m is an IDW proxy from SWMM node depths, NOT measured road inundation depth."
road-,,severe_blockage,imerg-2015-11-28_severe_blockage,0.0,safe,False,idw_from_swmm_nodes,1.0,EPSG:4326,synthetic_pilot_network,"flood_depth_m is an IDW proxy from SWMM node depths, NOT measured road inundation depth."
road-,,severe_blockage,imerg-2015-11-28_severe_blockage,0.0,safe,False,idw_from_swmm_nodes,1.0,EPSG:4326,synthetic_pilot_network,"flood_depth_m is an IDW proxy from SWMM node depths, NOT measured road inundation depth."
road-,,severe_blockage,imerg-2015-11-28_severe_blockage,0.0,safe,False,idw_from_swmm_nodes,1.0,EPSG:4326,synthetic_pilot_network,"flood_depth_m is an IDW proxy from SWMM node depths, NOT measured road inundation depth."
road-,,severe_blockage,imerg-2015-11-28_severe_blockage,0.0,safe,False,idw_from_swmm_nodes,1.0,EPSG:4326,synthetic_pilot_network,"flood_depth_m is an IDW proxy from SWMM node depths, NOT measured road inundation depth."
road-,,severe_blockage,imerg-2015-11-28_severe_blockage,0.0,safe,False,idw_from_swmm_nodes,1.0,EPSG:4326,synthetic_pilot_network,"flood_depth_m is an IDW proxy from SWMM node depths, NOT measured road inundation depth."
road-,,severe_blockage,imerg-2015-11-28_severe_blockage,0.0,safe,False,idw_from_swmm_nodes,1.0,EPSG:4326,synthetic_pilot_network,"flood_depth_m is an IDW proxy from SWMM node depths, NOT measured road inundation depth."
road-,,severe_blockage,imerg-2015-11-28_severe_blockage,0.0,safe,False,idw_from_swmm_nodes,1.0,EPSG:4326,synthetic_pilot_network,"flood_depth_m is an IDW proxy from SWMM node depths, NOT measured road inundation depth."
road-,,severe_blockage,imerg-2015-11-28_severe_blockage,0.0,safe,False,idw_from_swmm_nodes,1.0,EPSG:4326,synthetic_pilot_network,"flood_depth_m is an IDW proxy from SWMM node depths, NOT measured road inundation depth."
road-,,severe_blockage,imerg-2015-11-28_severe_blockage,0.0,safe,False,idw_from_swmm_nodes,1.0,EPSG:4326,synthetic_pilot_network,"flood_depth_m is an IDW proxy from SWMM node depths, NOT measured road inundation depth."
road-,,severe_blockage,imerg-2015-11-28_severe_blockage,0.0,safe,False,idw_from_swmm_nodes,1.0,EPSG:4326,synthetic_pilot_network,"flood_depth_m is an IDW proxy from SWMM node depths, NOT measured road inundation depth."
road-,,severe_blockage,imerg-2015-11-28_severe_blockage,0.0,safe,False,idw_from_swmm_nodes,1.0,EPSG:4326,synthetic_pilot_network,"flood_depth_m is an IDW proxy from SWMM node depths, NOT measured road inundation depth."
road-,,severe_blockage,imerg-2015-11-28_severe_blockage,0.0,safe,False,idw_from_swmm_nodes,1.0,EPSG:4326,synthetic_pilot_network,"flood_depth_m is an IDW proxy from SWMM node depths, NOT measured road inundation depth."
road-,,severe_blockage,imerg-2015-11-28_severe_blockage,0.0,safe,False,idw_from_swmm_nodes,1.0,EPSG:4326,synthetic_pilot_network,"flood_depth_m is an IDW proxy from SWMM node depths, NOT measured road inundation depth."
road-,,severe_blockage,imerg-2015-11-28_severe_blockage,0.0,safe,False,idw_from_swmm_nodes,1.0,EPSG:4326,synthetic_pilot_network,"flood_depth_m is an IDW proxy from SWMM node depths, NOT measured road inundation depth."
road-,,severe_blockage,imerg-2015-11-28_severe_blockage,0.0,safe,False,idw_from_swmm_nodes,1.0,EPSG:4326,synthetic_pilot_network,"flood_depth_m is an IDW proxy from SWMM node depths, NOT measured road inundation depth."
road-,,severe_blockage,imerg-2015-11-28_severe_blockage,0.0,safe,False,idw_from_swmm_nodes,1.0,EPSG:4326,synthetic_pilot_network,"flood_depth_m is an IDW proxy from SWMM node depths, NOT measured road inundation depth."
road-,,severe_blockage,imerg-2015-11-28_severe_blockage,0.3823,likely,False,idw_from_swmm_nodes,5.0,EPSG:4326,synthetic_pilot_network,"flood_depth_m is an IDW proxy from SWMM node depths, NOT measured road inundation depth."
road-,,severe_blockage,imerg-2015-11-28_severe_blockage,0.0,safe,False,idw_from_swmm_nodes,1.0,EPSG:4326,synthetic_pilot_network,"flood_depth_m is an IDW proxy from SWMM node depths, NOT measured road inundation depth."
road-,,severe_blockage,imerg-2015-11-28_severe_blockage,0.0,safe,False,idw_from_swmm_nodes,1.0,EPSG:4326,synthetic_pilot_network,"flood_depth_m is an IDW proxy from SWMM node depths, NOT measured road inundation depth."
road-,,severe_blockage,imerg-2015-11-28_severe_blockage,0.3392,likely,False,idw_from_swmm_nodes,5.0,EPSG:4326,synthetic_pilot_network,"flood_depth_m is an IDW proxy from SWMM node depths, NOT measured road inundation depth."
road-,,severe_blockage,imerg-2015-11-28_severe_blockage,0.3913,likely,False,idw_from_swmm_nodes,5.0,EPSG:4326,synthetic_pilot_network,"flood_depth_m is an IDW proxy from SWMM node depths, NOT measured road inundation depth."
road-,,severe_blockage,imerg-2015-11-28_severe_blockage,0.0,safe,False,idw_from_swmm_nodes,1.0,EPSG:4326,synthetic_pilot_network,"flood_depth_m is an IDW proxy from SWMM node depths, NOT measured road inundation depth."
road-,,severe_blockage,imerg-2015-11-28_severe_blockage,0.0,safe,False,idw_from_swmm_nodes,1.0,EPSG:4326,synthetic_pilot_network,"flood_depth_m is an IDW proxy from SWMM node depths, NOT measured road inundation depth."
road-,,severe_blockage,imerg-2015-11-28_severe_blockage,0.0,safe,False,idw_from_swmm_nodes,1.0,EPSG:4326,synthetic_pilot_network,"flood_depth_m is an IDW proxy from SWMM node depths, NOT measured road inundation depth."
road-,,severe_blockage,imerg-2015-11-28_severe_blockage,0.0,safe,False,idw_from_swmm_nodes,1.0,EPSG:4326,synthetic_pilot_network,"flood_depth_m is an IDW proxy from SWMM node depths, NOT measured road inundation depth."
road-,,severe_blockage,imerg-2015-11-28_severe_blockage,0.0,safe,False,idw_from_swmm_nodes,1.0,EPSG:4326,synthetic_pilot_network,"flood_depth_m is an IDW proxy from SWMM node depths, NOT measured road inundation depth."
road-,,severe_blockage,imerg-2015-11-28_severe_blockage,0.0,safe,False,idw_from_swmm_nodes,1.0,EPSG:4326,synthetic_pilot_network,"flood_depth_m is an IDW proxy from SWMM node depths, NOT measured road inundation depth."
road-,,severe_blockage,imerg-2015-11-28_severe_blockage,0.0,safe,False,idw_from_swmm_nodes,1.0,EPSG:4326,synthetic_pilot_network,"flood_depth_m is an IDW proxy from SWMM node depths, NOT measured road inundation depth."
road-,,severe_blockage,imerg-2015-11-28_severe_blockage,0.0,safe,False,idw_from_swmm_nodes,1.0,EPSG:4326,synthetic_pilot_network,"flood_depth_m is an IDW proxy from SWMM node depths, NOT measured road inundation depth."
road-,,severe_blockage,imerg-2015-11-28_severe_blockage,0.3965,likely,False,idw_from_swmm_nodes,5.0,EPSG:4326,synthetic_pilot_network,"flood_depth_m is an IDW proxy from SWMM node depths, NOT measured road inundation depth."
road-,,severe_blockage,imerg-2015-11-28_severe_blockage,0.0,safe,False,idw_from_swmm_nodes,1.0,EPSG:4326,synthetic_pilot_network,"flood_depth_m is an IDW proxy from SWMM node depths, NOT measured road inundation depth."
road-,,severe_blockage,imerg-2015-11-28_severe_blockage,0.0,safe,False,idw_from_swmm_nodes,1.0,EPSG:4326,synthetic_pilot_network,"flood_depth_m is an IDW proxy from SWMM node depths, NOT measured road inundation depth."
road-,,severe_blockage,imerg-2015-11-28_severe_blockage,0.0,safe,False,idw_from_swmm_nodes,1.0,EPSG:4326,synthetic_pilot_network,"flood_depth_m is an IDW proxy from SWMM node depths, NOT measured road inundation depth."
road-,,severe_blockage,imerg-2015-11-28_severe_blockage,0.0,safe,False,idw_from_swmm_nodes,1.0,EPSG:4326,synthetic_pilot_network,"flood_depth_m is an IDW proxy from SWMM node depths, NOT measured road inundation depth."
road-,,severe_blockage,imerg-2015-11-28_severe_blockage,0.0,safe,False,idw_from_swmm_nodes,1.0,EPSG:4326,synthetic_pilot_network,"flood_depth_m is an IDW proxy from SWMM node depths, NOT measured road inundation depth."
road-,,severe_blockage,imerg-2015-11-28_severe_blockage,0.0,safe,False,idw_from_swmm_nodes,1.0,EPSG:4326,synthetic_pilot_network,"flood_depth_m is an IDW proxy from SWMM node depths, NOT measured road inundation depth."
road-,,severe_blockage,imerg-2015-11-28_severe_blockage,0.0,safe,False,idw_from_swmm_nodes,1.0,EPSG:4326,synthetic_pilot_network,"flood_depth_m is an IDW proxy from SWMM node depths, NOT measured road inundation depth."
road-,,severe_blockage,imerg-2015-11-28_severe_blockage,0.0,safe,False,idw_from_swmm_nodes,1.0,EPSG:4326,synthetic_pilot_network,"flood_depth_m is an IDW proxy from SWMM node depths, NOT measured road inundation depth."
road-,,severe_blockage,imerg-2015-11-28_severe_blockage,0.3733,likely,False,idw_from_swmm_nodes,5.0,EPSG:4326,synthetic_pilot_network,"flood_depth_m is an IDW proxy from SWMM node depths, NOT measured road inundation depth."
road-,,severe_blockage,imerg-2015-11-28_severe_blockage,0.0,safe,False,idw_from_swmm_nodes,1.0,EPSG:4326,synthetic_pilot_network,"flood_depth_m is an IDW proxy from SWMM node depths, NOT measured road inundation depth."
road-,,severe_blockage,imerg-2015-11-28_severe_blockage,0.0,safe,False,idw_from_swmm_nodes,1.0,EPSG:4326,synthetic_pilot_network,"flood_depth_m is an IDW proxy from SWMM node depths, NOT measured road inundation depth."
road-,,severe_blockage,imerg-2015-11-28_severe_blockage,0.0,safe,False,idw_from_swmm_nodes,1.0,EPSG:4326,synthetic_pilot_network,"flood_depth_m is an IDW proxy from SWMM node depths, NOT measured road inundation depth."
road-,,severe_blockage,imerg-2015-11-28_severe_blockage,0.0,safe,False,idw_from_swmm_nodes,1.0,EPSG:4326,synthetic_pilot_network,"flood_depth_m is an IDW proxy from SWMM node depths, NOT measured road inundation depth."
road-,,severe_blockage,imerg-2015-11-28_severe_blockage,0.3746,likely,False,idw_from_swmm_nodes,5.0,EPSG:4326,synthetic_pilot_network,"flood_depth_m is an IDW proxy from SWMM node depths, NOT measured road inundation depth."
road-,,severe_blockage,imerg-2015-11-28_severe_blockage,0.0,safe,False,idw_from_swmm_nodes,1.0,EPSG:4326,synthetic_pilot_network,"flood_depth_m is an IDW proxy from SWMM node depths, NOT measured road inundation depth."
road-,,severe_blockage,imerg-2015-11-28_severe_blockage,0.0,safe,False,idw_from_swmm_nodes,1.0,EPSG:4326,synthetic_pilot_network,"flood_depth_m is an IDW proxy from SWMM node depths, NOT measured road inundation depth."
road-,,severe_blockage,imerg-2015-11-28_severe_blockage,0.0,safe,False,idw_from_swmm_nodes,1.0,EPSG:4326,synthetic_pilot_network,"flood_depth_m is an IDW proxy from SWMM node depths, NOT measured road inundation depth."
road-,,severe_blockage,imerg-2015-11-28_severe_blockage,0.0,safe,False,idw_from_swmm_nodes,1.0,EPSG:4326,synthetic_pilot_network,"flood_depth_m is an IDW proxy from SWMM node depths, NOT measured road inundation depth."
road-,,severe_blockage,imerg-2015-11-28_severe_blockage,0.3818,likely,False,idw_from_swmm_nodes,5.0,EPSG:4326,synthetic_pilot_network,"flood_depth_m is an IDW proxy from SWMM node depths, NOT measured road inundation depth."
road-,,severe_blockage,imerg-2015-11-28_severe_blockage,0.0,safe,False,idw_from_swmm_nodes,1.0,EPSG:4326,synthetic_pilot_network,"flood_depth_m is an IDW proxy from SWMM node depths, NOT measured road inundation depth."
road-,,severe_blockage,imerg-2015-11-28_severe_blockage,0.0,safe,False,idw_from_swmm_nodes,1.0,EPSG:4326,synthetic_pilot_network,"flood_depth_m is an IDW proxy from SWMM node depths, NOT measured road inundation depth."
road-,,severe_blockage,imerg-2015-11-28_severe_blockage,0.0,safe,False,idw_from_swmm_nodes,1.0,EPSG:4326,synthetic_pilot_network,"flood_depth_m is an IDW proxy from SWMM node depths, NOT measured road inundation depth."
road-,,severe_blockage,imerg-2015-11-28_severe_blockage,0.4008,likely,False,idw_from_swmm_nodes,5.0,EPSG:4326,synthetic_pilot_network,"flood_depth_m is an IDW proxy from SWMM node depths, NOT measured road inundation depth."
road-,,severe_blockage,imerg-2015-11-28_severe_blockage,0.0,safe,False,idw_from_swmm_nodes,1.0,EPSG:4326,synthetic_pilot_network,"flood_depth_m is an IDW proxy from SWMM node depths, NOT measured road inundation depth."
road-,,severe_blockage,imerg-2015-11-28_severe_blockage,0.3382,likely,False,idw_from_swmm_nodes,5.0,EPSG:4326,synthetic_pilot_network,"flood_depth_m is an IDW proxy from SWMM node depths, NOT measured road inundation depth."
road-,,severe_blockage,imerg-2015-11-28_severe_blockage,0.0,safe,False,idw_from_swmm_nodes,1.0,EPSG:4326,synthetic_pilot_network,"flood_depth_m is an IDW proxy from SWMM node depths, NOT measured road inundation depth."
road-,,severe_blockage,imerg-2015-11-28_severe_blockage,0.0,safe,False,idw_from_swmm_nodes,1.0,EPSG:4326,synthetic_pilot_network,"flood_depth_m is an IDW proxy from SWMM node depths, NOT measured road inundation depth."
road-,,severe_blockage,imerg-2015-11-28_severe_blockage,0.0,safe,False,idw_from_swmm_nodes,1.0,EPSG:4326,synthetic_pilot_network,"flood_depth_m is an IDW proxy from SWMM node depths, NOT measured road inundation depth."
road-,,severe_blockage,imerg-2015-11-28_severe_blockage,0.0,safe,False,idw_from_swmm_nodes,1.0,EPSG:4326,synthetic_pilot_network,"flood_depth_m is an IDW proxy from SWMM node depths, NOT measured road inundation depth."
road-,,severe_blockage,imerg-2015-11-28_severe_blockage,0.0,safe,False,idw_from_swmm_nodes,1.0,EPSG:4326,synthetic_pilot_network,"flood_depth_m is an IDW proxy from SWMM node depths, NOT measured road inundation depth."
road-,,severe_blockage,imerg-2015-11-28_severe_blockage,0.0,safe,False,idw_from_swmm_nodes,1.0,EPSG:4326,synthetic_pilot_network,"flood_depth_m is an IDW proxy from SWMM node depths, NOT measured road inundation depth."
road-,,severe_blockage,imerg-2015-11-28_severe_blockage,0.29,likely,False,idw_from_swmm_nodes,5.0,EPSG:4326,synthetic_pilot_network,"flood_depth_m is an IDW proxy from SWMM node depths, NOT measured road inundation depth."
road-,,severe_blockage,imerg-2015-11-28_severe_blockage,0.0,safe,False,idw_from_swmm_nodes,1.0,EPSG:4326,synthetic_pilot_network,"flood_depth_m is an IDW proxy from SWMM node depths, NOT measured road inundation depth."
road-,,severe_blockage,imerg-2015-11-28_severe_blockage,0.0,safe,False,idw_from_swmm_nodes,1.0,EPSG:4326,synthetic_pilot_network,"flood_depth_m is an IDW proxy from SWMM node depths, NOT measured road inundation depth."
road-,,severe_blockage,imerg-2015-11-28_severe_blockage,0.0,safe,False,idw_from_swmm_nodes,1.0,EPSG:4326,synthetic_pilot_network,"flood_depth_m is an IDW proxy from SWMM node depths, NOT measured road inundation depth."
road-,,severe_blockage,imerg-2015-11-28_severe_blockage,0.3958,likely,False,idw_from_swmm_nodes,5.0,EPSG:4326,synthetic_pilot_network,"flood_depth_m is an IDW proxy from SWMM node depths, NOT measured road inundation depth."
road-,,severe_blockage,imerg-2015-11-28_severe_blockage,0.0,safe,False,idw_from_swmm_nodes,1.0,EPSG:4326,synthetic_pilot_network,"flood_depth_m is an IDW proxy from SWMM node depths, NOT measured road inundation depth."
road-,,severe_blockage,imerg-2015-11-28_severe_blockage,0.0,safe,False,idw_from_swmm_nodes,1.0,EPSG:4326,synthetic_pilot_network,"flood_depth_m is an IDW proxy from SWMM node depths, NOT measured road inundation depth."
road-,,severe_blockage,imerg-2015-11-28_severe_blockage,0.0,safe,False,idw_from_swmm_nodes,1.0,EPSG:4326,synthetic_pilot_network,"flood_depth_m is an IDW proxy from SWMM node depths, NOT measured road inundation depth."
road-,,severe_blockage,imerg-2015-11-28_severe_blockage,0.0,safe,False,idw_from_swmm_nodes,1.0,EPSG:4326,synthetic_pilot_network,"flood_depth_m is an IDW proxy from SWMM node depths, NOT measured road inundation depth."
road-,,severe_blockage,imerg-2015-11-28_severe_blockage,0.0,safe,False,idw_from_swmm_nodes,1.0,EPSG:4326,synthetic_pilot_network,"flood_depth_m is an IDW proxy from SWMM node depths, NOT measured road inundation depth."
road-,,severe_blockage,imerg-2015-11-28_severe_blockage,0.3717,likely,False,idw_from_swmm_nodes,5.0,EPSG:4326,synthetic_pilot_network,"flood_depth_m is an IDW proxy from SWMM node depths, NOT measured road inundation depth."
